"Hw_liquid","Hw_vapor","Tw","alpha_A_liquid","alpha_liquid","alpha_rhoE_A_liquid","alpha_rhoE_A_vapor","alpha_rho_A_liquid","alpha_rho_A_vapor","alpha_rhou_A_liquid","alpha_rhou_A_vapor","alpha_vapor","area","density_liquid","density_vapor","dummy_bounds","enthalpy_liquid","enthalpy_vapor","heat_flux_perimeter","hydraulic_diameter","internal_energy_liquid","internal_energy_vapor","momentum_liquid","momentum_vapor","pressure_liquid","pressure_mix","pressure_vapor","specific_internal_energy_liquid","specific_internal_energy_vapor","specific_volume_liquid","specific_volume_vapor","temperature_liquid","temperature_vapor","total_energy_liquid","total_energy_vapor","velocity_liquid","velocity_vapor","GlobalNodeId","PedigreeNodeId","Points:0","Points:1","Points:2"
0,0,550,0.00017169481127544039458,0.90000005910427316458,164277.17039195937105,4531.657571790214206,0.10362521459070681007,0.0018454658694656226724,0,0,0.099999940895726835421,0.00019077199999999999562,603.54307635113480046,96.736783187021984531,0,1610154.3948107373435,2610623.002565514762,0.048962349359916598757,0.016985659999999999648,956797524.46577250957,237543258.45486062765,0,0,15000012.3785997089,15000012.433476898819,15000012.927371937782,1585301.1358366042841,2455562.9268301837146,0.001656882564283134688,0.01033732947338854638,615.30001138479110523,615.30010768452848424,956797524.46577250957,237543258.45486062765,0,0,1,1,0,0,0
0,0,550,0.0001716947994073233911,0.89999999689327259134,164277.14955179364188,4531.6567672111623324,0.10362520153733432993,0.0018454656294633788993,1.1390570493544699204e-05,2.3353488032442060139e-07,0.10000000310672740866,0.00019077199999999999562,603.54304204344089158,96.736710425523355639,0,1610154.3713742413092,2610622.8585947281681,0.048962349359916598757,0.016985659999999999648,956797469.22367179394,237543068.50192528963,0.066341965702304495078,0.01224156967841867269,14999998.235078400001,14999998.311590977013,14999999.000204144046,1585301.1344215031713,2455562.8101992094889,0.0016568826584666741276,0.010337337248715834648,615.29999837665548057,615.29999167165738072,956797469.22367548943,237543068.50192606449,0.00010992085250073919543,0.00012654523421946764841,2,2,1,0,0
0,0,550,0.00017169469273124529098,0.8999994377122706446,164276.96286167757353,4531.6496154889418904,0.10362508459810508554,0.0018454635029245092075,3.3249836807831069678e-05,6.0703571246594967216e-07,0.1000005622877293554,0.00019077199999999999562,603.54273594414496529,96.736058025707635011,0,1610154.1622981938999,2610621.5677226083353,0.048962349359916598757,0.016985659999999999648,956796976.35625767708,237541365.33256408572,0.19365675361833831203,0.031819779590181895834,14999872.049016047269,14999872.256696486846,14999874.125808764249,1585301.121816177154,2455561.7644605427049,0.0016568834987892974622,0.010337406964983518812,615.2998823224811531,615.29895146943999862,956796976.3562887907,237541365.33256933093,0.0003208666794993293085,0.00032893401115978676379,3,3,2,0,0
0,0,550,0.00017169480133702127479,0.90000000700847759827,164277.16009492101148,4531.6576989773539026,0.10362520810317915609,0.0018454659752875127686,2.1796438799253215461e-05,2.9696886416488952173e-07,0.099999992991522401731,0.00019077199999999999562,603.54307350152259914,96.736738338256728298,0,1610154.3928617867641,2610622.9138271850534,0.048962349359916598757,0.016985659999999999648,956797519.87631583214,237543141.37177190185,0.1269487406113641581,0.015566691389611017615,15000011.203451702371,15000010.517405040562,15000004.342984601855,1585301.1357173698489,2455562.8549430854619,0.0016568825721060605888,0.010337334265946894821,615.30001030378025462,615.30003617700958785,956797519.87632918358,237543141.37177315354,0.00021033915586978217584,0.00016091809230924644853,4,4,3,0,0
0,0,550,0.00017169543116344007671,0.90000330847000653556,164278.28409927064786,4531.7022862478333991,0.10362591204275492518,0.0018454794355836740775,-0.00034387297425369269801,-6.6257320822854044235e-06,0.099996691529993464442,0.00019077199999999999562,603.5449594701881324,96.740637763267201876,0,1610155.6810581858736,2610630.6292216517031,0.048962349359916598757,0.016985659999999999648,956800556.57579219341,237553321.30540218949,-2.0028079484907994612,-0.34732305054708290104,15000788.685840737075,15000784.890301886946,15000750.729196440428,1585301.213377216598,2455569.1051646354608,0.0016568773946481687043,0.010336917588315754774,615.30072534950329555,615.30625343661631632,956800556.57911527157,237553321.30602568388,-0.0033184072156760796406,-0.0035902497500276226924,5,5,4,0,0
0,0,550,0.00017169697614190983378,0.90001140702990922726,164280.96140753984218,4531.8030668705150674,0.10362758919575260075,0.0018455091613479015708,-0.0010661588839450180863,-1.9415747734208388766e-05,0.099988592970090772738,0.00019077199999999999562,603.54929669875502896,96.750031616090424791,0,1610158.6437606643885,2610649.2155580944382,0.048962349359916598757,0.016985659999999999648,956807540.19963014126,237577845.27469104528,-6.2095379190826491822,-1.0178623040606957773,15002576.78359699063,15002573.991927975789,15002548.863722022623,1585301.3920040968806,2455584.1616405183449,0.0016568654879886679076,0.01033591393507814378,615.3023697953555029,615.32123074316814382,956807540.23157310486,237577845.28004527092,-0.010288369074485010507,-0.010520537172531693737,6,6,5,0,0
0,0,550,0.00017169473238771830199,0.89999964558592615571,164276.82504197699018,4531.6286860356485704,0.10362499937789085291,0.0018454552587603291047,0.00013217017100255033942,5.3406225118023513014e-06,0.10000035441407384429,0.00019077199999999999562,603.54210019610002291,96.735826967812172938,0,1610153.7279698716011,2610621.109246826265,0.048962349359916598757,0.016985659999999999648,956795952.66164255142,237540762.02770873904,0.76979747231898631998,0.27994693057427832983,14999609.955382678658,14999631.947372855619,14999829.874505024403,1585301.0955669290852,2455561.3930581058376,0.0016568852440866756529,0.010337431656347336947,615.29964126377831235,615.29858277537255162,956795952.66213345528,237540762.02811381221,0.0012754660728205495599,0.0028939322622158151349,7,7,6,0,0
0,0,550,0.00017167593756750972522,0.89990112578108805153,164243.48757162838592,4530.3162689956197937,0.10360411958197345006,0.0018450604734120154646,0.0095425154236374702676,0.00018273611158808314089,0.10009887421891194847,0.00019077199999999999562,603.48655175529324879,96.619943505882517343,0,1610115.8024300085381,2610391.6614126269706,0.048962349359916598757,0.016985659999999999648,956706510.29694843292,237238240.91811344028,55.584466634323625556,9.5693084495353204488,14976720.678425265476,14976814.049003560096,14977653.461925799027,1585298.8066002202686,2455375.4878118890338,0.0016570377535197972161,0.010349830104579980927,615.27858260916082145,615.11375667841184622,956706512.85676765442,237238241.39198902249,0.092105559722335750283,0.09904071667101224663,8,8,7,0,0
0,0,550,0.00017162486232293942237,0.89963339653061991097,164153.3912764780398,4526.6557111163874652,0.1035476844165918453,0.001843950624921068468,0.035057039004098032586,0.00065182200920780913791,0.10036660346938008903,0.00019077199999999999562,603.33731963467175774,96.304244322128226941,0,1610014.1087418566458,2609765.8222827729769,0.048962349359916598757,0.016985659999999999648,956466231.75815176964,236414218.78595578671,204.2655040161526756,34.04279115769513453,14915330.606164671481,14915528.324721204117,14917300.569775059819,1585292.6723268236965,2454868.1156271109357,0.0016574476125652435818,0.01038375833836666963,615.22203605052379771,614.60982856054783952,956466266.33615219593,236414224.80288493633,0.33855937196100838182,0.35349211654499196333,9,9,8,0,0
0,0,550,0.00017153664018787571216,0.89917094850332179856,163999.05071373729152,4520.4178170596596829,0.10345098796626427118,0.0018420625578092059398,0.078358994670932033411,0.0014357517025758849243,0.10082905149667820144,0.00019077199999999999562,603.08391171098753603,95.76439306573981014,0,1609842.077841872815,2608693.4391855052672,0.048962349359916598757,0.016985659999999999648,956058255.87810456753,235005599.15074640512,456.80616447371971844,74.64127089896764744,14811428.659704776481,14811719.75308040157,14814315.658752206713,1585282.3086686332244,2453997.6877357857302,0.0016581440502415928546,0.010442294552146595341,615.12611098492970996,613.7468069220911957,956058428.88211596012,235005628.23942509294,0.75745042373578075345,0.77942613647358804929,10,10,9,0,0
0,0,550,0.00017141949741484351966,0.89855690255825548807,163796.27276569665992,4512.4629065843864737,0.10332390922472717287,0.00183967437629382175,0.13487028769463124678,0.0024508368794655521067,0.10144309744174451193,0.00019077199999999999562,602.75470867049784829,95.061316653943563892,0,1609619.8309010153171,2607292.558341962751,0.048962349359916598757,0.016985659999999999648,955528322.10895824432,233171976.29664337635,786.7849907892250485,126.64185774843211618,14677096.634765215218,14677452.315535988659,14680602.844450678676,1585268.9466608674265,2452858.6864146953449,0.0016590496691526641655,0.010519526082731945824,615.00167571843905989,612.62042565537262817,955528835.61023235321,233172060.65356528759,1.3053153786631457312,1.3322123257502604954,11,11,10,0,0
0,0,550,0.00017128048235986055017,0.89782820518661310416,163557.3622212363116,4503.1241814945205988,0.10317414321111932629,0.0018368694419759327204,0.20078974162203686027,0.0036314816881579952031,0.10217179481338689584,0.00019077199999999999562,602.36952739513128563,94.239426395059894048,0,1609361.5661107250489,2605647.9618511763401,0.048962349359916598757,0.016985659999999999648,954908373.60366213322,231029757.40126866102,1172.2861756085981142,186.31087405321275696,14520851.674841919914,14521257.916883446276,14524827.743210582063,1585253.4535288317129,2451519.1384205985814,0.0016601105376700742763,0.010611270019916217017,614.85634076954818283,611.3002491951247066,954909514.31116390228,231029941.5691011548,1.9461246332927848446,1.9769949922252427754,12,12,11,0,0
0,0,550,0.00017112311476721552808,0.89700330639305314584,163288.62079878486111,4492.5314544475868388,0.10300562441576627259,0.0018336734898719276015,0.27456896798432645079,0.0049506123142035573376,0.10299669360694685416,0.00019077199999999999562,601.93869516627398752,93.322011307410733139,0,1609074.9575947332196,2603803.3684563720599,0.048962349359916598757,0.016985659999999999648,954215069.53724622726,228640185.85839861631,1604.5112804183804656,251.95385160799784785,14347272.391418807209,14347722.386740989983,14351641.418291645125,1585236.2993106176145,2450013.4818701897748,0.0016612987469160280136,0.010715585594334373076,614.69411250495272725,609.82236804197702895,954217208.00788259506,228640525.97506803274,2.6655725795716871396,2.6998330627277224991,13,13,12,0,0
0,0,550,0.00017094755082416526618,0.89608302488921476314,162991.75761785948998,4481.048922732002211,0.1028194036462652533,0.0018302213842442338013,0.35527024465103235196,0.006393120975914564838,0.10391697511078523686,0.00019077199999999999562,601.46754458052544123,92.321424318573605206,0,1608764.2836031543557,2601780.7859055208974,0.048962349359916598757,0.016985659999999999648,953457028.49938368797,226035927.51182430983,2078.2412087111988512,322.48668899752061634,14158884.511411510408,14159376.315057013184,14163617.170777112246,1585217.7512991866097,2448358.3218110022135,0.0016626001003884898106,0.010831721968990635011,614.51710989434900512,608.20554462246843741,953460618.95622587204,226036490.74871838093,3.4552840422347359528,3.4930861539214945743,14,14,13,0,0
0,0,550,0.00017075547936576005933,0.89507621331096842709,162667.79835700598778,4467.8148561754032926,0.10261612118745452871,0.0018261679985446337658,0.44207457866121191437,0.007941526757125736205,0.10492378668903157291,0.00019077199999999999562,600.95360669305205192,91.233038544212377019,0,1608428.6320686314721,2599568.4682279648259,0.048962349359916598757,0.016985659999999999648,952630315.1338738203,223205504.59314054251,2588.9334872486488166,396.74861092197471635,13955095.79880708456,13955627.467598006129,13960162.989076314494,1585197.7665564573836,2446542.4823593162,0.001664021962531906729,0.010960941518081640175,614.32452131002048645,606.4412786095415413,952635891.75120890141,223206367.27108472586,4.3080421823160701678,4.3487383216958912513,15,15,14,0,0
0,0,550,0.00017054587898066706137,0.89397751756372567655,162320.53592856274918,4454.6910162370659236,0.1023981114763117678,0.001822230417483925672,0.53523561068295399945,0.0096043973808051935626,0.10602248243627432345,0.00019077199999999999562,600.41387155370398432,90.092925664894721649,0,1608079.9329591644928,2597237.6277987416834,0.048962349359916598757,0.016985659999999999648,951762294.45516061783,220243204.37498030066,3138.3673055133031085,474.85117742670144025,13743001.727267954499,13743561.424010522664,13748280.76554085128,1585177.0579388260376,2444622.6243577245623,0.001665517815923003896,0.01109965063982439222,614.12281977234920305,604.58719844836627999,951770496.58856475353,220244455.76979869604,5.2270066602426794589,5.2706821753456525315,16,16,15,0,0
0,0,550,0.00017031913200470612311,0.89278894179809475951,161945.88116736075608,4439.6680713992172969,0.10216282551822032654,0.0018176292389045080149,0.63345280148251414953,0.011355962002897552685,0.10721105820190524049,0.00019077199999999999562,599.83176473326227551,88.869161983675752481,0,1607708.0181346125901,2594718.5983083476312,0.048962349359916598757,0.016985659999999999648,950826342.42766189575,217066506.18506973982,3719.2110717485988971,555.22589817283915181,13516464.923657925799,13517082.659849615768,13522226.793767686933,1585155.0356798500288,2442540.2618845710531,0.0016671341179216934807,0.011252497240647869881,613.90592953912323537,602.59046854031078055,950837872.76984238625,217068240.6213529408,6.2004236694641967631,6.2476778871261080539,17,17,16,0,0
0,0,550,0.00017007637025644121846,0.89151641884784571523,161546.30096806399524,4422.5868257906649887,0.10191178969252265296,0.0018122897589245188458,0.73726156648800678095,0.013200483453210374446,0.10848358115215428477,0.00019077199999999999562,599.21192778785211885,87.568717713872345598,0,1607316.8458442315459,2592023.94371394068,0.048962349359916598757,0.016985659999999999648,949829973.05746531487,213694330.89431768656,4334.8853540110449103,637.83917748716191909,13277772.75265946798,13278400.484093327075,13283559.171463046223,1585131.9525030346122,2440304.4428782919422,0.0016688586351939990217,0.011419603096935418418,613.67572805672216418,600.46240574420176017,949845653.01155245304,213696653.86322119832,7.2343108556173287838,7.2838702465791342888,18,18,17,0,0
0,0,550,0.00016981673936731063674,0.89015547023310881425,161129.36106589261908,4407.0073482151146891,0.10164969610910642994,0.0018075865767594552144,0.845600500523299492,0.015132556511402444829,0.10984452976689118575,0.00019077199999999999562,598.58466537412380148,86.259322107389721168,0,1606926.4022339826915,2589290.4579193973914,0.048962349359916598757,0.016985659999999999648,948821915.2477132082,210302514.62469992042,4979.4884984470254494,722.13640176807268745,13038875.903170572594,13039537.865843813866,13044902.263105342165,1585108.9580697598867,2438026.5168659798801,0.0016706074476114185848,0.01159294990464956876,613.44356349140412021,598.31337301680002838,948842626.85890245438,210305537.37615460157,8.3187705708010000194,8.3716911300211602764,19,19,18,0,0
0,0,550,0.00016954355041852317782,0.88872345217601733669,160684.97866402257932,4386.4063991501725468,0.10137028230575480248,0.001800977863994922528,0.95846629547279393879,0.017129090165000592644,0.11127654782398266331,0.00019077199999999999562,597.90114136172871895,84.837936801865680536,0,1606506.4980238671415,2586301.9091721097939,0.048962349359916598757,0.016985659999999999648,947723738.64641141891,206624837.34272429347,5653.2159029747344903,806.89313175027245961,12781604.262367764488,12782298.532085234299,12787843.400182925165,1585084.3443582607433,2435524.0725064445287,0.0016725172956226260889,0.01178717962384498788,613.19150447229992551,595.97450854140981846,947750464.5111361742,206628674.52070510387,9.4551013736141253929,9.5109942811872816293,20,20,19,0,0
0,0,550,0.00016926914787524318697,0.88728507262723665949,160245.98338680167217,4366.717016199659156,0.10109411041288217381,0.0017946898633862816592,1.06957788142437904,0.019080776678823511971,0.11271492737276334051,0.00019077199999999999562,597.23884524657614747,83.462875202494984705,0,1606105.7770758809056,2583392.5799111155793,0.048962349359916598757,0.016985659999999999648,946659963.25750315189,203071460.44634604454,6318.7999399198979518,887.36027054082296672,12535369.866924675182,12536026.438835339621,12541194.933097975329,1585060.936327182455,2433075.303884038236,0.0016743720003462598395,0.011981374923567295054,612.94821939088990348,593.70740944438966835,946693389.77772915363,203076177.56307503581,10.580021695191506481,10.631796093627706057,21,21,20,0,0
0,0,550,0.00016899462369228933096,0.88584605546038897028,159824.25969027393148,4352.6665366077877479,0.10082865499802917686,0.0017905553900444042079,1.1710050327607453013,0.020882128370128063416,0.11415394453961102972,0.00019077199999999999562,596.6382408804976194,82.220895884984344093,0,1605747.6235445588827,2580743.4093806762248,0.048962349359916598757,0.016985659999999999648,945695527.36296105385,199865434.08633843064,6929.244298877505571,958.89091849574037951,12314672.576773758978,12315281.820109818131,12320009.60948443599,1585040.083866124507,2430835.0320814126171,0.0016760575026572807102,0.012162358354728482548,612.72841096768115676,591.65587628571870482,945735764.83289146423,199871025.55906367302,11.613811894878832476,11.662374973839934711,22,22,21,0,0
0,0,550,0.00016874133614845849075,0.88451835776979059744,159433.67936495976755,4337.5073507698298272,0.10058272842748758324,0.0017858634863813457362,1.2651292118009771492,0.02254123811741172434,0.11548164223020940256,0.00019077199999999999562,596.07640145147945532,81.062627000973776603,0,1605416.920780764427,2578255.7162581728771,0.048962349359916598757,0.016985659999999999648,944793531.97287940979,196878547.18349337578,7497.4469248478480949,1023.1756187335448658,12110457.564631994814,12111002.569951741025,12115176.975520350039,1585020.8625475764275,2428721.5263962312602,0.001677637292073539451,0.012336141042998610001,612.52349626287070805,589.74013213028194969,944840683.4036809206,196885004.46464440227,12.577996556466830569,12.622038744454380677,23,23,22,0,0
0,0,550,0.00016850628130404344315,0.88328623332587297146,159083.47592336445814,4327.4822395579158183,0.10036213348063370565,0.0017830571827206205364,1.3452667126799888742,0.023966629393702549439,0.11671376667412702854,0.00019077199999999999562,595.59876761831685599,80.080827709568723094,0,1605139.24078655825,2576134.2865756549872,0.048962349359916598757,0.016985659999999999648,944026885.10987234116,194349045.14724361897,7983.4811039041551339,1076.391457242962133,11938562.763896714896,11939044.090499788523,11942686.755579864606,1585004.7656828628387,2426911.0435783015564,0.0016789826547136835286,0.012487383417498216023,612.34984428516315802,588.11475967117621622,944080390.90437829494,194356279.20439788699,13.404126297689527902,13.441312833912503422,24,24,23,0,0
0,0,550,0.00016833313441676935724,0.8823786216885568523,158811.00119900406571,4312.8231648438650154,0.10019046672045861524,0.0017781498880485380534,1.4151586762031860278,0.025171970079519712105,0.1176213783114431477,0.00019077199999999999562,595.19159473619140499,79.244197147712014839,0,1604905.1747037323657,2574318.5986776505597,0.048962349359916598757,0.016985659999999999648,943373432.77480924129,192195321.91784510016,8406.8931592484368593,1121.802258057627796,11793265.203076301143,11793651.37356698513,11796548.368910841644,1584991.1879097409546,2425355.1532560931519,0.0016801312532701896153,0.012619220535933874106,612.20220607089083842,586.72912505077647438,943432805.12920403481,192203262.1857226193,14.124683939756661033,14.156270092137809513,25,25,24,0,0
0,0,550,0.0001681617588213382621,0.88148029491402446478,158563.62576132899267,4307.5643675576511669,0.10003456981956694583,0.0017768765423656987263,1.4677503554220707738,0.0261115193722689376,0.11851970508597553522,0.00019077199999999999562,594.87109626301923981,78.587244086658174069,0,1604722.322197149042,2572888.1239293594845,0.048962349359916598757,0.016985659999999999648,942859179.99132347107,190505376.60311684012,8728.2053048783054692,1154.8536420262303182,11679715.015386065468,11680024.351073708385,11682325.00912017934,1584980.655329138739,2424125.9356677085161,0.0016810364569433628237,0.01272471139078626759,612.086276323668244,585.64110101805908926,942923211.98776996136,190513861.99378043413,14.672431321186889974,14.695179293382178543,26,26,25,0,0
0,0,550,0.00016807492350225314835,0.88102511638108926828,158423.10697448824067,4297.7027363892530047,0.099945978591229500676,0.0017734253428785672502,1.508494203718362181,0.026795344111334294668,0.11897488361891073172,0.00019077199999999999562,594.65134065576216926,78.13452728392650215,0,1604598.3900617179461,2571902.85574122658,0.048962349359916598757,0.016985659999999999648,942506590.21597278118,189341579.14117759466,8975.1294975192413403,1180.5636780575814555,11602262.404810298234,11602459.132082050666,11603915.924156298861,1584973.4554984897841,2423276.6962695647962,0.00168165769019747364,0.01279843924013495185,612.00691234807516139,584.89176423417291062,942574321.45946788788,189350497.92936506867,15.093095540021419509,15.10937250273019572,27,27,26,0,0
0,0,550,0.00016796559562376787251,0.88045203501440394422,158278.44182105973596,4299.658038513862266,0.099854801507855056597,0.0017746686203639521276,1.5307094349624270624,0.027220836613972836104,0.11954796498559605578,0.00019077199999999999562,594.49556402921575682,77.814485400137726856,0,1604510.097609906923,2571207.7446838915348,0.048962349359916598757,0.016985659999999999648,942256709.42422699928,188519382.69430288672,9113.231964426320701,1193.5610789371621649,11547576.073086073622,11547706.977649137378,11548671.069249991328,1584968.4445718098432,2422677.2396540101618,0.001682098337660356633,0.012851077724896579207,611.95074213466637048,584.36268949640555093,942326559.39608764648,188528536.44017571211,15.329352338074741624,15.338546194832892056,28,28,27,0,0
0,0,550,0.00016797791206865820982,0.88051659608673293889,158275.09322324834648,4290.310689869395901,0.099852654235296836593,0.001770968604065319401,1.5460233171515040951,0.027424633657205658294,0.11948340391326706111,0.00019077199999999999562,594.43919147229132705,77.69420778754847845,0,1604479.2656713437755,2570955.9903732524253,0.048962349359916598757,0.016985659999999999648,942166280.66483914852,188211011.48647171259,9203.7298125219731446,1203.1467870007159036,11527825.865247270092,11527854.040690476075,11528061.675763903186,1584966.6276735665742,2422458.7243508133106,0.0016822578563893580191,0.012870972347571361938,611.93042606873996192,584.16541611818229285,942237531.55448198318,188220327.25293803215,15.483046785200041739,15.48566902555554492,29,29,28,0,0
0,0,550,0.00016792817020912188461,0.88025585625312885441,158225.17518159700558,4298.1775419515288377,0.099821217434469977636,0.0017742436081020496186,1.5416149561355521058,0.027397745752230369398,0.11974414374687114559,0.00019077199999999999562,594.42806594130138365,77.668395551193128767,0,1604472.2237060845364,2570912.7203932171687,0.048962349359916598757,0.016985659999999999648,942148484.19199097157,188145597.48779782653,9180.2045732754086202,1199.3499340102209771,11523948.162632189691,11523931.435063766316,11523808.468381594867,1584966.35366646084,2422421.5802653795108,0.0016822893421367291107,0.012875249873558617872,611.92644416975952026,584.12519160410238328,942219372.63151454926,188154857.62671276927,15.443760312256079814,15.441930086217634965,30,30,29,0,0
0,0,550,0.00016801685984405926037,0.88072075484903056264,158320.8111705770425,4286.666981222197137,0.099881471016896941628,0.0017693599064378673358,1.5411364870061217136,0.027294877412815055084,0.11927924515096943736,0.00019077199999999999562,594.47290652616345596,77.756493447742442982,0,1604498.4921424523927,2571124.4790382604115,0.048962349359916598757,0.016985659999999999648,942220451.6649491787,188373106.94706729054,9172.5109517966811836,1199.5038143366086842,11539666.143050631508,11539618.263965485618,11539264.739729508758,1584967.8619852813426,2422602.9054881008342,0.001682162448484923311,0.012860662250311825222,611.94262277118639304,584.2742783074882027,942291215.9977196455,188382358.96793919802,15.429653481429081552,15.426413424143868625,31,31,30,0,0
0,0,550,0.00016796767969059703133,0.88046295939968677313,158279.31426643274608,4298.1490210612791998,0.099855349964067516289,0.0017740340004188963254,1.530118351078537442,0.027181190216462262216,0.11953704060031322687,0.00019077199999999999562,594.49145304623448283,77.793767862811733949,0,1604507.9284787352663,2571229.6352062425576,0.048962349359916598757,0.016985659999999999648,942250266.77402508259,188470462.26022598147,9109.599858121959187,1191.9316097860012178,11546188.263746891171,11546171.485394287854,11546047.902629371732,1584968.567581315292,2422693.5837918422185,0.0016821099695813936797,0.012854500141495738344,611.94934155922669561,584.3403921286461582,942320061.5617800951,188479593.4605871141,15.323348740244197685,15.321685046647395723,32,32,31,0,0
0,0,550,0.00016806322652003773295,0.88096380244500105405,158374.16005796618992,4282.2000970226808931,0.099915103725521717259,0.0017673901427921355142,1.5353338134918652624,0.027158877931642330661,0.11903619755499894595,0.00019077199999999999562,594.50901779283105952,77.828516117422338993,0,1604519.0523517529946,2571327.9815833931789,0.048962349359916598757,0.016985659999999999648,942278492.87959492207,188561105.25835072994,9135.4536342238534417,1195.9641041647075781,11552363.521377071738,11552361.556457035244,11552347.014465073124,1584969.2177553330548,2422776.5691159092821,0.0016820602717055345692,0.012848760966883508022,611.95569957898828761,584.40170130870899357,942348682.32214772701,188570294.2433770597,15.366383622135886711,15.366656899385294111,33,33,32,0,0
0,0,550,0.00016799116603761495665,0.88058607152839496468,158301.16512167922338,4293.5177200232265022,0.099869131942502950561,0.0017721002415983558818,1.5296239835563762988,0.027142756247268858688,0.11941392847160503532,0.00019077199999999999562,594.49037885802408709,77.789085532355386476,0,1604507.4510439785663,2571267.2388361529447,0.048962349359916598757,0.016985659999999999648,942248659.721758008,188461487.32600426674,9105.3834534006255126,1191.4733364057735798,11545852.410636113957,11545859.898167578503,11545915.112965410575,1584968.7282269462012,2422724.036878105253,0.001682113008995927755,0.012855273887800914775,611.9490164334297333,584.34114593746915034,942318390.04102134705,188470612.05540332198,15.316283958861456327,15.316716069508176545,34,34,33,0,0
0,0,550,0.00016810007483635292804,0.88115695613797062613,158406.63035488725291,4274.0736577537800258,0.099935578089604903962,0.0017640314339660513512,1.5369679077440852044,0.027130760755597241318,0.11884304386202937387,0.00019077199999999999562,594.50049731919023088,77.806865594041354939,0,1604514.555894265417,2571338.0865821070038,0.048962349359916598757,0.016985659999999999648,942264966.52863156796,188509135.93278715014,9143.172061287530596,1196.6677095026593634,11549425.801754470915,11549424.946653643623,11549418.60654303059,1584969.1813171436079,2422782.8032083539292,0.0016820843792551029398,0.012852336260626626846,611.95270394006490733,584.37605047141664727,942335275.63326585293,188518338.29299041629,15.379586901133436072,15.379975794762039243,35,35,34,0,0
0,0,550,0.00016799917346296453467,0.8806280453261722263,158305.52972902508918,4290.4144193338333935,0.099871880332309870276,0.0017708210912439536957,1.5308278426504935421,0.027144360797751940217,0.1193719546738277737,0.00019077199999999999562,594.47840292099203907,77.760267850987474958,0,1604500.9652893319726,2571267.4074536715634,0.048962349359916598757,0.016985659999999999648,942229620.92873215675,188391474.75446155667,9112.1153223290402821,1191.9627435622467146,11541715.530250459909,11541729.428008444607,11541831.954229800031,1584968.631827584235,2422721.5255415202118,0.001682146895642402289,0.01286003800702316055,611.94479204250581006,584.3046552343436133,942299455.80014169216,188400610.36588180065,15.327916502191364145,15.328686185166093381,36,36,35,0,0
0,0,550,0.00016808102493131115806,0.88105709921430375164,158384.72175640094792,4275.6703848728175217,0.099921735082806675821,0.0017646940496951872297,1.5396551386045409515,0.027192500733381069072,0.11894290078569624836,0.00019077199999999999562,594.48551746778787219,77.770745609353696182,0,1604506.6819187814835,2571335.7705284366384,0.048962349359916598757,0.016985659999999999648,942241159.2720208168,188421205.5570564568,9160.1960377963205246,1198.3839676816646715,11544252.860628634691,11544253.884363457561,11544261.467572104186,1584969.0725612603128,2422777.4091752381064,0.001682126764432381261,0.012858305422749185046,611.94742344763892561,584.32982618172820821,942311732.22038149834,188430438.61842641234,15.408610922624642825,15.409187070176830758,37,37,36,0,0
0,0,550,0.0001679399539105591913,0.88031762475918473587,158246.03685051080538,4299.5957370239548254,0.099834335139487487276,0.001774601778974013765,1.5317320532757112694,0.027227675381855016151,0.11968237524081526413,0.00019077199999999999562,594.46446670252669264,77.724167690547815823,0,1604493.547587711364,2571285.8550308612175,0.048962349359916598757,0.016985659999999999648,942207513.36485481262,188304930.85791677237,9120.7125976197130512,1192.5201655250277781,11536919.377373846248,11536925.880477899686,11536973.713729057461,1584968.5997066341806,2422733.3203185512684,0.0016821863307439795243,0.012866011045385719602,611.93990197604580317,584.26216681357720972,942277481.71700024605,188314079.26302319765,15.342738058360295028,15.34297762149021338,38,38,37,0,0
0,0,550,0.00016803180457621835742,0.88079909303366510365,158337.16603101874352,4283.9364407275379563,0.099891720432769268156,0.00176805042773755779,1.5399419116642705241,0.02725644245212038852,0.11920090696633489635,0.00019077199999999999562,594.48103104468475522,77.750010269856119294,0,1604504.4658680832945,2571430.416958657559,0.048962349359916598757,0.016985659999999999648,942234099.50350999832,188376848.43395996094,9164.5859279322376096,1198.6019444501196176,11542728.541761541739,11542719.657387858257,11542654.008992375806,1584969.158473764779,2422853.0360335418954,0.0016821394590887021967,0.01286173463552200448,611.94587969160090779,584.32033411337010875,942304740.64329779148,188386087.31776365638,15.416111615583865557,15.416100143138125489,39,39,38,0,0
0,0,550,0.00016788954852886808409,0.88005340683574151406,158198.34331255554571,4308.2273979097035408,0.09980431069526185528,0.001778057363507008987,1.5300766165330064172,0.027258395473581546742,0.11994659316425848594,0.00019077199999999999562,594.46410791974233234,77.703971785985146425,0,1604492.0335503818933,2571466.0987888397649,0.048962349359916598757,0.016985659999999999648,942206445.09881997108,188267348.09399285913,9113.5906311042017478,1191.2358039072098563,11536621.123537242413,11536624.588669747114,11536650.012498687953,1584967.7592747546732,2422879.3428027718328,0.0016821873460104819036,0.012869355028005943775,611.93950929915479264,584.26857109180275529,942276304.26532375813,188276479.17640662193,15.330766836363169503,15.33043648255395297,40,40,39,0,0
0,0,550,0.00016803933298392283277,0.88083855588830040073,158347.1148814271728,4282.3722434469400469,0.099898233145640960573,0.0017671917970201746727,1.538933997285131472,0.027222431578006207192,0.11916144411169959927,0.00019077199999999999562,594.49315449971902581,77.73798805790666222,0,1604506.0801356020384,2571788.4571162923239,0.048962349359916598757,0.016985659999999999648,942251188.5609947443,188370443.66852289438,9158.1772550380756002,1197.5027636992074349,11546151.493848768994,11546132.6462888401,11545993.325574884191,1584965.5819063603412,2423145.342122909613,0.0016821051553428320591,0.01286372370809371439,611.94898862477771218,584.36869160824937808,942321729.49994409084,188379667.04119366407,15.405017174243011979,15.404344691905238918,41,41,40,0,0
0,0,550,0.00016789648289275730872,0.88008975579622439334,158208.84659793798346,4306.0580902117362712,0.099811697417307207458,0.0017767899417965387319,1.5266069784838967038,0.027174634752616107919,0.11991024420377560666,0.00019077199999999999562,594.48355139792431601,77.672121398033198147,0,1604486.5267336510587,2572089.2885239487514,0.048962349359916598757,0.016985659999999999648,942230410.33578753471,188229637.05969727039,9092.5488859644901822,1187.9353207719300372,11540903.568450942636,11540904.354871872813,11540910.126864153892,1584956.233221488772,2423387.3579312795773,0.0016821323275446500682,0.012874632261882856116,611.94265502464429574,584.3389370652719208,942299945.01429057121,188238721.33794882894,15.294870420860963378,15.294230405840451681,42,42,41,0,0
0,0,550,0.00016807668298448935271,0.88103433933957475688,158388.79454150525271,4273.2423824293891812,0.099926394318527581029,0.0017627714771987260632,1.5367818238553512256,0.027108810520545360834,0.11896566066042524312,0.00019077199999999999562,594.52859578237337246,77.67115462604010645,0,1604485.5886491481215,2572891.6018246486783,0.048962349359916598757,0.016985659999999999648,942289998.46532487869,188278222.01655226946,9143.3374134184359718,1194.4671450069813545,11552257.182654749602,11552233.113012371585,11552054.858368521556,1584936.3767361145001,2424043.0430453517474,0.0016820048809999528592,0.012874792512286653556,611.95211988236133038,584.48033262605497384,942360306.78997790813,188287406.58299377561,15.379138157999292957,15.378516654708299427,43,43,42,0,0
0,0,550,0.00016790880437876894789,0.88015434329340236363,158227.34425936822663,4296.9629367808856841,0.099827600383700601516,0.0017718302904851709195,1.5227042018127747713,0.027025594850063030389,0.11984565670659763637,0.00019077199999999999562,594.53463892524268886,77.497053335791235895,0,1604423.8697271796409,2574124.3654883624986,0.048962349359916598757,0.016985659999999999648,942271798.57101488113,187933344.85153013468,9068.6382256516826601,1182.0567560978540769,11544603.995002161711,11544614.719636466354,11544693.482052430511,1584889.6546623199247,2425038.5887218625285,0.001681987784273980633,0.012903716424765792822,611.93938848408879494,584.4795496194358293,942340962.07628715038,187942359.76315897703,15.25333871554619769,15.252925178665250883,44,44,43,0,0
0,0,550,0.0001680419949940245225,0.88085250977095441716,158368.76367018322344,4264.629834818290874,0.099922883272235571428,0.0017567360271070883368,1.5355476056409678165,0.026995640170837331695,0.11914749022904558284,0.00019077199999999999562,594.6304272083223168,77.287093717984689079,0,1604345.7721508012619,2577119.6796713834628,0.048962349359916598757,0.016985659999999999648,942365419.10163736343,187612031.48156353831,9137.8801215468247392,1187.6653860718665783,11557180.387051349506,11557150.951780283824,11556933.33802825585,1584791.7899624898564,2427469.0955018568784,0.0016817168349336096469,0.012938770911077746711,611.94183837295679496,584.75008470203772504,942435631.49684536457,187621156.86719661951,15.367326836010473556,15.36693034940058844,45,45,44,0,0
0,0,550,0.000167884327011963712,0.88002603637831400274,158224.98617153978557,4266.8016615220858512,0.099846465906753043007,0.00175427394191415972,1.5193352830750863625,0.02669400678214659331,0.11997396362168599726,0.00019077199999999999562,594.73369363203164539,76.647107935837084369,0,1604096.4858687445521,2582872.4383200746961,0.048962349359916598757,0.016985659999999999648,942395453.70875990391,186414694.42238932848,9049.8935196423426532,1166.3049710689217591,11545919.445822037756,11545945.255107073113,11546134.569872763008,1584567.1160037394147,2432116.4808780653402,0.0016814248304867541756,0.013046806682348942308,611.9066063017611441,584.97603132583344632,942464308.53705847263,186423567.99454471469,15.216715677187801603,15.216555490198796718,46,46,45,0,0
0,0,550,0.00016810201685013453931,0.8811671359011518101,158480.61004986151238,4188.789487423537139,0.10004729738180259679,0.0017160027855764883008,1.5375242613611688203,0.026371084437681178991,0.1188328640988481899,0.00019077199999999999562,595.15822151614190716,75.694929909406297952,0,1603482.637134825578,2593746.2541663697921,0.048962349359916598757,0.016985659999999999648,942694196.67183279991,184763562.80244666338,9146.3760528934926697,1163.2599928878939863,11561397.242819078267,11561342.88012919575,11560939.770971577615,1583938.7957547772676,2440897.4686095430516,0.0016802254658476189781,0.013210924446284929776,611.85565791310455097,585.76633141301761043,942764477.3063570261,184772501.14093691111,15.367973964290474242,15.367739877427911921,47,47,46,0,0
0,0,550,0.0001677961186974071049,0.87956366079617087639,158285.66000083545805,4182.9318585656346841,0.10003608460767539345,0.0017055788077589835276,1.5171310653508125466,0.025865652174222635712,0.12043633920382912361,0.00019077199999999999562,596.17639182747802806,74.233444423587982897,0,1601650.8539672927,2608031.8564250683412,0.048962349359916598757,0.016985659999999999648,943252781.69386518002,182048978.79668733478,9041.51464961302554,1125.7741034422747362,11545084.31798501499,11545155.181606674567,11545672.708682779223,1582170.6371204722673,2452384.9083155365661,0.0016773559196711378041,0.013471017110479733062,611.65052003978109951,586.58831407056266016,943321342.76763451099,182057515.16019451618,15.165838120321721405,15.165322210005864889,48,48,47,0,0
0,0,550,0.00016811449989792451136,0.88123257028245505218,158919.74752520344919,4073.5463650653573495,0.10078207603404479298,0.0016524579192783688929,1.5520954092345828901,0.025445847958553091672,0.11876742971754494782,0.00019077199999999999562,599.48473269847329448,72.932049512690923621,0,1596167.1633507183287,2623787.5238323793747,0.048962349359916598757,0.016985659999999999648,945235515.62149369717,179779341.4593218565,9232.370855440676678,1123.0651150354485708,11571238.030243579298,11571116.316070938483,11570213.219208007678,1576746.6026477189735,2465025.2208809573203,0.0016680991949514357812,0.013711393093731580328,611.08756954716727705,587.99787274318987329,945306607.23314213753,179787988.37971583009,15.400510391453691383,15.39878726210791271,49,49,48,0,0
0,0,550,0.00016795899159755041537,0.88041741763754854944,159180.81623626069631,4043.5800309641658714,0.10146290018118198084,0.0016336508631282079581,1.527322772839543763,0.024596293939445398186,0.11958258236245145056,0.00019077199999999999562,604.09329215490333809,71.610496709096537415,0,1587962.4280899080914,2636361.6433277823962,0.048962349359916598757,0.016985659999999999648,947667756.958974123,177240756.60616675019,9093.4266651182897476,1078.1696786998213611,11541252.29054591991,11541376.82505492121,11542293.700645459816,1568744.0487519442104,2475066.7116047558375,0.0016553734547073519802,0.013964433231936679985,610.16361826661159284,588.790731367579383,947736198.71258056164,177248873.08286702633,15.05301711376481677,15.056028490902278349,50,50,49,0,0
0,0,550,0.00016516337611805959377,0.86576319437894233566,157062.12497564102523,4482.4944221341493176,0.10078432432310700795,0.0018005415119039613978,1.5636353015426740498,0.02790271961568173073,0.13423680562105766434,0.00019077199999999999562,610.20988243220381264,70.309967462708158337,0,1577389.9298749996815,2654347.6567845381796,0.048962349359916598757,0.016985659999999999648,950876635.15866184235,175030030.53519225121,9467.2035550119762775,1089.582936760578832,11588848.241487765685,11588818.179897349328,11588624.297016818076,1558277.9999704561196,2489405.6540138036944,0.0016387804078395976515,0.014222734501056226789,608.99166485919238312,590.85784254304735441,950950075.41727805138,175038473.08621966839,15.514667702983016895,15.496848826426850465,51,51,50,0,0
0,0,550,0.00015197161309362262199,0.79661382746746178807,145505.87209935495048,6565.2196440296020228,0.095075338798524630657,0.0026040440756333708971,1.4263288492377723671,0.039052015172963708278,0.20338617253253821193,0.00019077199999999999562,625.61248685274631498,67.113868784781629984,0,1548999.2177746095695,2694280.4926973152906,0.048962349359916598757,0.016985659999999999648,957383883.60983347893,169197457.60749426484,9385.4952263951927307,1006.4851999335338633,11618968.130106536672,11618889.775696031749,11618582.880659496412,1530314.5377198616043,2521050.5767454812303,0.0015984335687266664709,0.014900049991258355192,605.54035246119258318,595.42555253816271943,957454284.63482570648,169205004.57562491298,15.00209062899396173,14.996679794471315716,52,52,51,0,0
0,0,550,0.00012823205770201020429,0.67217441606740091498,123449.2700646148005,10425.879155704424193,0.082621103228659134587,0.004112169989973760674,1.2799912835072153605,0.063679094650642864561,0.32782558393259908502,0.00019077199999999999562,644.30926797304243792,65.752698817343443238,0,1512216.9163221658673,2712302.3146651838906,0.048962349359916598757,0.016985659999999999648,962624770.0411362648,166699643.7900686264,9981.8353260906133073,1018.2147969888627586,11633283.515032188967,11633410.088281109929,11633669.61439454928,1494041.4764938815497,2535251.735493761953,0.0015520496905871599466,0.015208501217234176098,600.61652974766695934,597.78360841384812829,962702090.85695397854,166707527.58336877823,15.492304429350918227,15.485520979410969389,53,53,52,0,0
0,0,550,0.00010921379057220638594,0.57248333388655769927,105385.01848892010457,13464.760229266425085,0.072517082043086961152,0.0052960467944303916965,1.0783972761097384563,0.078890598927126298623,0.42751666611344230073,0.00019077199999999999562,663.99198913568056923,64.935790419959758424,0,1470736.4079003345687,2721269.7096284613945,0.048962349359916598757,0.016985659999999999648,964868992.69293034077,165086663.1506601274,9874.185947211119128,967.29194376160205593,11614781.062880519778,11614418.047383109108,11613931.936925476417,1453133.4842592028435,2542306.2086869790219,0.0015060422661148389033,0.015399827945924612557,594.5571696426508197,598.7794187775688215,964942411.91312837601,165093867.60369300842,14.870941379977130836,14.896129507407659176,54,54,53,0,0
0,0,550,0.00010030098418047806591,0.52576365598975771665,96732.225542141633923,14808.715702846164277,0.067966252223937706489,0.0058159988555980856109,1.0403770228291020494,0.089079708974243318464,0.47423634401024228335,0.00019077199999999999562,677.62298425349081299,64.285769347392502482,0,1440304.7403807914816,2726103.6089912462048,0.048962349359916598757,0.016985659999999999648,964340117.61889612675,163677100.14056169987,10372.550492197407948,984.6215184755512837,11564091.134193595499,11564535.095302736387,11565027.294221708551,1423121.9129635482095,2546086.0436478643678,0.0014757468728745361079,0.015555542232000387978,589.81330020286907256,598.9892055940491673,964419505.27708756924,163684640.53048381209,15.307258952593555179,15.316321613182788397,55,55,54,0,0
0,0,550,0.00010017359192366480532,0.52509588369186677159,96509.489209071485675,14755.378380108159035,0.068657926247352868421,0.0057854561342664187484,1.0373701324105857324,0.08743863314262206865,0.47490411630813322841,0.00019077199999999999562,685.38948168767080915,63.858253771874082361,0,1422526.5920575144701,2731483.3628573887981,0.048962349359916598757,0.016985659999999999648,963344234.85134065151,162858464.51864081621,10355.724622524186998,965.12328416354955607,11562295.122592469677,11562154.98340083845,11562000.033148476854,1405542.7761734058149,2550311.9001724203117,0.0014590244331407699503,0.015659682827726225524,586.95366231543255253,599.70123963017465485,963422468.49463605881,162865757.72585067153,15.109255247140266576,15.113524519654674805,56,56,55,0,0
0,0,550,0.00010080964425452593821,0.52842998057642598386,97059.762899109991849,14532.518536731677159,0.069427268555134355466,0.0056840460272762193678,1.0625430010684833171,0.086995706034562456099,0.47157001942357401614,0.00019077199999999999562,688.69669235061655854,63.182494279694090267,0,1414775.5893330113031,2739510.9304251973517,0.048962349359916598757,0.016985659999999999648,962721700.1195898056,161532595.17383825779,10540.092755270085036,967.02343234202317035,11548913.750969752669,11549019.61919417046,11549138.252570908517,1397889.2461842498742,2556603.6449712058529,0.001452018008953785428,0.015827168765658955474,585.68088360580316021,600.71675709341911897,962802355.0410695076,161539995.43817856908,15.304404496695486415,15.305243064023986932,57,57,56,0,0
0,0,550,0.00010082242532931087926,0.52849697717333199432,97054.456545249500778,14472.663790982473074,0.06953058790274491141,0.0056517235995037088184,1.0540890661831945341,0.085682593828895869947,0.47150302282666800568,0.00019077199999999999562,689.63415307299817414,62.832132560882193673,0,1412607.949208924314,2744653.1436947863549,0.048962349359916598757,0.016985659999999999648,962548423.05736863613,160890302.71934098005,10454.906859662221905,952.5625234203173477,11555015.023023212329,11554954.568947330117,11554886.80735341832,1395737.7527900398709,2560637.3070887536742,0.0014500441945109836511,0.015915423514091840002,585.32601681174696751,601.511351249702102,962627671.6538579464,160897523.35091945529,15.160076996006264238,15.160435983886378253,58,58,57,0,0
0,0,550,0.00010058749697626117377,0.52726551577936586757,96817.320028432019171,14461.302927339096641,0.069414903796001847791,0.0056417692135716972571,1.060939636312332901,0.086232012034601027151,0.47273448422063413243,0.00019077199999999999562,690.09475215775455581,62.558078432684197878,0,1411496.4361553872004,2747852.1624660952948,0.048962349359916598757,0.016985659999999999648,962437829.95623373985,160345108.44900357723,10547.430527699843879,956.17327970308394924,11547849.689189393073,11547890.16208977066,11547935.303634136915,1394645.9191972264089,2563139.9247907432728,0.0014490763722999615726,0.015985145724641349613,585.14022937478455333,601.91808911112593705,962518433.59101641178,160352415.79734072089,15.284032366165156702,15.284569214062049269,59,59,58,0,0
0,0,550,0.00010066774377976664846,0.52768615824002818027,96890.710209930475685,14430.656601353373844,0.06949249476868564479,0.0056266894638740735241,1.0545346203020866671,0.085386104955838842967,0.47231384175997181973,0.00019077199999999999562,690.3154094792878368,62.446433719193976231,0,1410995.806881046854,2749668.38842132641,0.048962349359916598757,0.016985659999999999648,962400719.40603721142,160147914.55271393061,10475.397388552966731,947.63675477368826705,11551947.771196523681,11551915.72826496698,11551879.928739404306,1394146.3658358519897,2564564.6198605853133,0.0014486131792339829779,0.016013724730810894453,585.05896596673744625,602.22245293053958903,962480200.42945146561,160155104.8385758698,15.174798714771077002,15.175194135744790813,60,60,59,0,0
0,0,550,0.00010041318738632282377,0.52635180941816839262,96643.112585321316146,14452.87898922277418,0.069323782789640450708,0.0056337498716049639463,1.058774980739510152,0.0860456172966278382,0.47364819058183160738,0.00019077199999999999562,690.38524315465531345,62.348648777531749943,0,1410807.6914696088061,2750602.6008358588442,0.048962349359916598757,0.016985659999999999648,962373865.62607145309,159942583.05832618475,10544.182575004335376,952.26591416722021677,11546425.387447135523,11546460.88600240089,11546500.334540719166,1393966.4486868053209,2565293.4938337239437,0.0014484666494761488931,0.01603883996857947275,585.02606540142096492,602.31317517691627472,962454385.73225665092,159949855.15153962374,15.272896805881321924,15.273240604861081593,61,61,60,0,0
0,0,550,0.00010046949537055480063,0.52664696795417986763,96697.474705264758086,14439.74532180868664,0.069365340215249551847,0.0056274403336534937689,1.0539994279276552192,0.085508321875374687648,0.47335303204582013237,0.00019077199999999999562,690.41195000944401272,62.317655050052046306,0,1410760.8901005745865,2751294.6238249102607,0.048962349359916598757,0.016985659999999999648,962376357.52570223808,159896956.74998784065,10490.740737178592099,946.90974770031732533,11550116.72597659193,11550098.615087650716,11550078.465127469972,1393916.1358845799696,2565837.1872555608861,0.001448410619176451232,0.016046816896380711182,585.01957127831565231,602.44856435554913787,962456060.40542006493,159904150.84345597029,15.194900286756466201,15.194887338745049377,62,62,61,0,0
0,0,550,0.00010039327235358675816,0.52624741761677162888,96623.507896056151367,14442.898354923010629,0.069312637463998849618,0.005627965010277726117,1.0585727305181633628,0.085949717530334049376,0.47375258238322837112,0.00019077199999999999562,690.41117834946749099,62.270903306980521563,0,1410749.1183046442457,2751705.4098429237492,0.048962349359916598757,0.016985659999999999648,962369510.82057225704,159796917.07643324137,10544.259647099188442,950.99499371791659996,11546932.045075932518,11546965.508117340505,11547002.679079109803,1393907.7769877109677,2566157.0426989472471,0.0014484122380385721935,0.016058864524097899579,585.01652861187835697,602.48234881376754402,962450029.07910573483,159804178.82654482126,15.27243471391473939,15.271899767211353449,63,63,62,0,0
0,0,550,0.00010049751961525404649,0.52679386710447051456,96724.791452213263256,14428.605017092575508,0.069385316894845186497,0.0056218178731882824037,1.0563289387483820736,0.085582405203284458994,0.47320613289552948544,0.00019077199999999999562,690.41820296143419,62.274718715946484338,0,1410756.0033727225382,2752040.575157483574,0.048962349359916598757,0.016985659999999999648,962379479.5560656786,159823169.67012012005,10510.99512497865544,948.02434573465200174,11552134.89400552772,11552150.101563686505,11552167.031285883859,1393908.0334616014734,2566421.381991641596,0.0014483975012690368349,0.016057880639514365145,585.01926141519493285,602.57872646417069973,962459489.77164471149,159830385.68151798844,15.224099074870110826,15.223261787160742742,64,64,63,0,0
0,0,550,0.00010046469970962122265,0.5266218297738726184,96692.655136041561491,14428.142666690986516,0.069362212274013804181,0.0056214278595295309043,1.0605702750502032927,0.08596383696909233596,0.4733781702261273816,0.00019077199999999999562,690.41377194671667894,62.247767804530759861,0,1410752.482951621525,2752163.8049601521343,0.048962349359916598757,0.016985659999999999648,962373323.03954100609,159759901.28645217419,10556.646046975994977,951.90351934649538634,11548912.761342260987,11548894.350542392582,11548873.868970314041,1393908.0623000853229,2566516.1486292514019,0.0014484067969565007482,0.016064833089921886494,585.01760035306483587,602.56764529020335885,962454030.27648305893,159767179.62222310901,15.290317887504007999,15.29217115601067789,65,65,64,0,0
0,0,550,0.00010052722418790822271,0.52694957429763400469,96751.415996965442901,14409.17163186507787,0.069404487071272724652,0.0056140573929761008673,1.0512932322540955443,0.085072138071423983319,0.47305042570236599531,0.00019077199999999999562,690.40488914266609299,62.209223109664833373,0,1410740.7166580203921,2752154.5870836521499,0.048962349359916598757,0.016985659999999999648,962360739.90372300148,159660511.486959517,10457.796290972775751,942.68213651017015309,11542344.301432756707,11542060.719650395215,11541744.826689783484,1393907.7706978111528,2566508.6864290805534,0.0014484254322732045741,0.016074786824409638408,585.01415545603686041,602.50294774440806123,962439943.79189312458,159667653.91348466277,15.147338113377360358,15.153414387580012246,66,66,65,0,0
0,0,550,0.00010043937430380544423,0.526489077557531715,96661.324492883155472,14392.29339552386773,0.069340090971140841414,0.0056081694148688906315,1.033494990547059178,0.083685996927499214926,0.473510922442468285,0.00019077199999999999562,690.36761182326165454,62.083542592132872073,0,1410697.1632101286668,2751762.8841972737573,0.048962349359916598757,0.016985659999999999648,962308090.66167390347,159318617.129989326,10289.739434467008323,926.42050734748715968,11514858.041022904217,11514290.280754882842,11513658.997366016731,1393906.7739870024379,2566197.2638490819372,0.001448503641935053798,0.016107328258789126163,584.99977404991943786,602.19381796478921842,962384773.53020358086,159325529.22714582086,14.904725045388200755,14.922159217519938679,67,67,66,0,0
0,0,550,0.00010028147661788622822,0.52566140008956363516,96498.319487260232563,14357.375044592283302,0.069223654589514418967,0.0055960712454648587136,0.99327042897936101973,0.080451384558274580128,0.47433859991043636484,0.00019077199999999999562,690.29353101056824471,61.841517059574997006,0,1410609.9608740140684,2750900.6637204308063,0.048962349359916598757,0.016985659999999999648,962203556.07870125771,158655251.48019349575,9904.824524713880237,889.05867212805276267,11460313.94402089715,11459324.552842047065,11458228.11086492613,1393904.9300810704008,2565513.5744382375851,0.0014486590922212919455,0.016170366568411483066,584.97124203249506991,601.56936456081120923,962274616.82638180256,158661642.21379828453,14.348714104583198292,14.376404629135771884,68,68,67,0,0
0,0,550,9.9994597217260215412e-05,0.52415761860891652013,96206.447325917237322,14317.046663806180732,0.069014950873492061922,0.0055825874141431702444,0.93636697524603540455,0.075969637393939137837,0.47584238139108347987,0.00019077199999999999562,690.18679802811675472,61.497545016837946719,0,1410485.1937057462055,2749619.4746420038864,0.048962349359916598757,0.016985659999999999648,962052929.64440321922,157710281.58288049698,9364.1756785276375012,836.87828760379386495,11381805.188933942467,11380409.25547773391,11378871.584213556722,1393902.2484826075379,2564497.1931757540442,0.0014488831181022707867,0.016260811707625097422,584.93013282900017202,600.66559366790761487,962116454.32090306282,157715975.83675739169,13.567596055562569646,13.60832025692501368,69,69,68,0,0
0,0,550,9.9612169720696285718e-05,0.52215298744415472587,95815.63248090117122,14252.289561272989886,0.068735502670879619624,0.0055606263353453191586,0.85544192955946851686,0.069515542850572598077,0.47784701255584527413,0.00019077199999999999562,690.03117654808534098,60.998647302305968765,0,1410304.9080376233906,2747727.237163099926,0.048962349359916598757,0.016985659999999999648,961833374.21698582172,156339201.12892198563,8587.7250938118504564,762.56770814057688312,11267541.861808625981,11265695.009305916727,11263676.916639601812,1393898.4308341026772,2562994.5587828112766,0.0014492098820846745309,0.016393806161701496293,584.87023892997137864,599.34301453709736052,961886813.12293195724,156343967.70601195097,12.445416070578673384,12.501387192429579187,70,70,69,0,0
0,0,550,9.9136176096961917017e-05,0.51965789579687748923,95329.932456778798951,14172.842318847660863,0.06838809461635535214,0.0055336873998091699531,0.75747055906597882124,0.061665671046188121063,0.48034210420312251077,0.00019077199999999999562,689.8399485316758728,60.387817385310881946,0,1410085.5334400136489,2745383.8826567474753,0.048962349359916598757,0.016985659999999999648,961563591.77408289909,154661115.31258001924,7640.7078514418517443,672.94283414134997656,11127425.574613906443,11125240.085127390921,11122875.714280214161,1393893.748572796816,2561131.0692974436097,0.0014496116122710779768,0.016559631450486011345,584.79666821337082183,597.71243748211327329,961605906.23890578747,154664864.84417122602,11.076058827420906638,11.143685320626291357,71,71,70,0,0
0,0,550,9.858221395986482556e-05,0.51675410416552125525,94764.121984909274033,14072.429867901513717,0.067983273458991452798,0.005499382237805717534,0.64260270622948334474,0.052437740858460812898,0.48324589583447874475,0.00019077199999999999562,689.60992787876602961,59.652836545379763322,0,1409824.996925259009,2742540.589079383295,0.048962349359916598757,0.016985659999999999648,961239163.95166230202,152643589.59952872992,6518.4446607285808568,568.80206702759710424,10959343.140967020765,10956772.715730102733,10954024.057537497953,1393888.2331761454698,2558865.570179685019,0.0014500951328760465237,0.016763662181248813188,584.70824662310280928,595.73798545993702191,961269971.31034231186,152646301.42188447714,9.45236487644436707,9.5352056996466831862,72,72,71,0,0
0,0,550,9.7976551811074994976e-05,0.51357930834228815442,94145.456112992367707,13957.064229502464514,0.067540490080579634879,0.0054597544274994636027,0.51539545906089057059,0.042129111156838212893,0.48642069165771184558,0.00019077199999999999562,689.35361402405521858,58.836446550522474297,0,1409538.5152144641615,2739357.8701918893494,0.048962349359916598757,0.016985659999999999648,960877760.08002448082,150405024.8308070004,5260.395977750991733,453.99975946089841727,10772638.682776959613,10770044.989979095757,10767306.481983803213,1393882.2405977759045,2556324.0754462485202,0.0014506343038699217544,0.016996267766465237431,584.60981374068160221,593.53064084407355949,960897830.88641452789,150406776.43031439185,7.6309108572649471114,7.7163014777082397089,73,73,72,0,0
0,0,550,9.740226906133660613e-05,0.51056899891669960123,93559.846164459188003,13847.887843657450503,0.06712118441778720801,0.0054221636073767875627,0.39918584544492713428,0.03267087982449282807,0.48943100108330039877,0.00019077199999999999562,689.11314966922725489,58.071963503233462234,0,1409273.6980440032203,2736357.5459773638286,0.048962349359916598757,0.016985659999999999648,960538805.09059548378,148311334.69439700246,4098.3218285556567935,349.90868556700718273,10598044.861144591123,10595706.267173308879,10593266.671847008169,1393876.761097436538,2553923.1971403728239,0.0014511404991763656759,0.017220013577538492017,584.51755827811871313,591.45140373273466139,960550991.94395804405,148312388.86994791031,5.9472407840756504882,6.0254323163625116422,74,74,73,0,0
0,0,550,9.6881983334017791908e-05,0.50784173429024070945,93029.600811249765684,13745.557095407726592,0.066741394383839303117,0.0053867779315452590447,0.29404884813239057229,0.024117294510500909832,0.49215826570975929055,0.00019077199999999999562,688.8937662819776051,57.373276976922419124,0,1409035.2050439210143,2733599.0591865754686,0.048962349359916598757,0.016985659999999999648,960229651.07105088234,146400049.71135774255,3035.1241584165873064,256.86750697147311939,10439232.089350964874,10437105.548046067357,10434911.240849455819,1393871.8828209140338,2551711.4835578431375,0.0014516026257533015762,0.017429717329938042986,584.43346750533248724,589.54115102909156576,960236337.13725435734,146400624.72571647167,4.4057941978447976439,4.4771280377586659682,75,75,74,0,0
0,0,550,9.6413918202941536442e-05,0.50538820268667072888,92554.328446552943205,13660.021790505219542,0.066400865079210530384,0.0053572699933684799281,0.20071784486027377525,0.0165300265721043671,0.49461179731332927112,0.00019077199999999999562,688.70621915233675736,56.775952746588046693,0,1408833.4416439670604,2731226.0872612390667,0.048962349359916598757,0.016985659999999999648,959965395.08751797676,144767634.40278294683,2081.8347454543131789,175.18400392725746428,10303811.416904177517,10301955.229344720021,10300058.599908020347,1393867.7601445917971,2549805.4616350359283,0.0014519979233392219312,0.017613090606570139252,584.36162370065756022,587.89999282087819665,959968541.5930866003,144767904.67068463564,3.0228197271351002762,3.0855317339925245612,76,76,75,0,0
0,0,550,9.6013943507215204222e-05,0.50329159157116976075,92147.627523940755054,13580.5042787815255,0.066109392883090811743,0.0053296552160553966465,0.1223769486333617651,0.010150046311723037382,0.49670840842883023925,0.00019077199999999999562,688.53950237053709316,56.244876829667930451,0,1408656.1959561959375,2729106.850919758901,0.048962349359916598757,0.016985659999999999648,959730544.23410558701,143317572.31325826049,1274.5747561568020956,107.11539142316512141,10183712.24023402296,10182168.536908200011,10180604.37392931059,1393864.173268053215,2548100.0295774745755,0.0014523494970980627139,0.017779397100084359806,584.29780715023366611,586.43506003771062751,959731723.9346190691,143317674.31105545163,1.8511280061182173728,1.9044470796434231907,77,77,76,0,0
0,0,550,9.5692099061137241077e-05,0.50160452823861600979,91821.321725749905454,13520.52101623897579,0.065875482198181095628,0.0053088689114076876088,0.059553949226898779401,0.0050090601868646132677,0.49839547176138399021,0.00019077199999999999562,688.41088077808331036,55.835869189865263706,0,1408520.5895789656788,2727468.490899996832,0.048962349359916598757,0.016985659999999999648,959549385.02879500389,142201648.50446665287,622.34970087603608135,52.682639941805213368,10091233.32338899374,10090070.664326256141,10088900.519163006917,1393861.4449908966199,2546779.526632274501,0.0014526208517647773693,0.017909634335584220799,584.24859993074790054,585.30321938279109872,959549666.34273195267,142201673.35820844769,0.90403815258210196149,0.94352681719097530877,78,78,77,0,0
0,0,550,9.5479890404480912184e-05,0.50049216029858112353,91605.794430444424506,13478.26447714162714,0.06572096068260235846,0.0052941559351822693388,0.018131128893746007585,0.0015765395899868962087,0.49950783970141887647,0.00019077199999999999562,688.3225400049060454,55.557128052407144025,0,1408428.1107395053841,2726348.7873306963593,0.048962349359916598757,0.016985659999999999648,959424979.87129259109,141441555.86033546925,189.89473926852252816,16.544282592533029685,10027808.533110797405,10027180.070559099317,10026550.369571112096,1393859.5994029985741,2545875.9446117044427,0.0014528072842026535684,0.017999490525440732525,584.21481959302764153,584.53007003913648987,959425006.06541669369,141441558.32368531823,0.27588046044107322752,0.2977886577745123553,79,79,78,0,0
0,0,550,9.5391408877311696505e-05,0.50002835257433841942,91516.066591974013136,13461.821217545122636,0.065656623981658404632,0.005288448798589293065,0.0011085401509370160136,0.0001166222208115366536,0.49997164742566158058,0.00019077199999999999562,688.28655278698238362,55.445754071567314725,0,1408390.5801457294729,2725900.7108217827044,0.048962349359916598757,0.016985659999999999648,959374304.87393033504,141137951.21004498005,11.620964235498110639,1.2227039006449977876,10001992.41412833333,10001830.822331998497,10001669.212208451703,1393858.8528124955483,2545514.1439301078208,0.0014528832445597549081,0.01803564613278119122,584.20106196855510916,584.22076879433529939,959374304.97203397751,141137951.22352665663,0.01688390422338336555,0.022052254877204430922,80,80,79,0,0
0,0,550,9.5380437472405982377e-05,0.49997084201248603863,91504.882000122001045,13459.683261139151,0.065648604605566901471,0.0052877047271374768081,-0.00103115764157409159,-8.5329218050039608496e-05,0.50002915798751401688,0.00019077199999999999562,688.28164710986311547,55.431576829532446027,0,1408385.4695174335502,2725843.5931761483662,0.048962349359916598757,0.016985659999999999648,959367396.67918264866,141099305.89046764374,-10.810997190827631442,-0.89451536162180300682,9998473.9609691780061,9998488.3126951251179,9998502.6627472992986,1393858.7505676276051,2545468.0158998062834,0.0014528935998788597168,0.01804025894979099584,584.19918648827172092,584.18136767196210712,959367396.76408803463,141099305.89768517017,-0.015707228626861795273,-0.016137288758223261587,81,81,80,0,0
0,0,550,9.5384657691511474898e-05,0.49999296380764196579,91509.139057478285395,13460.383326771225256,0.065651657234519614215,0.0052879460690614778565,-0.00026699884827801955789,-2.4143952864971183944e-05,0.50000703619235808972,0.00019077199999999999562,688.28319798396807982,55.436559412253409107,0,1408387.0852422607131,2725863.6696025365964,0.048962349359916598757,0.016985659999999999648,959369580.72324228287,141112887.73707941175,-2.7991802323339518566,-0.25311485025851915287,9999586.3009283225983,9999600.9166532792151,9999615.5319668818265,1393858.7830319062341,2545484.2297786707059,0.0014528903261463788684,0.018038637509292562711,584.19977944433219363,584.19521602209954381,959369580.72893428802,141112887.73765724897,-0.0040669018806981718783,-0.0045658470320322939659,82,82,81,0,0
0,0,550,9.5386413716488013532e-05,0.50000216864365842895,91510.921527207698091,13460.7109996768977,0.065652935309556403887,0.0052880598360631895019,8.1236786245453366248e-05,6.4602578073546168539e-06,0.49999783135634157105,0.00019077199999999999562,688.28392589214183772,55.43877269198338098,0,1408387.8439464357216,2725872.5864949929528,0.048962349359916598757,0.016985659999999999648,959370605.95600664616,141118920.83636248112,0.85165992807853307944,0.067727819884159101704,10000108.453688383102,10000109.163641549647,10000109.873600874096,1393858.7984783852007,2545491.431067858357,0.0014528887896137008661,0.018037917353545655091,584.20005781970223779,584.20136714475279405,959370605.95653355122,141118920.83640384674,0.0012373671620685112397,0.0012216688176062877672,83,83,82,0,0
0,0,550,9.538592754443249173e-05,0.49999962019810295644,91510.431736323938821,13460.630695861062122,0.06565258409144267282,0.0052880321596060443287,-1.4162851279557620783e-05,-1.0411870426271926245e-06,0.50000037980189704356,0.00019077199999999999562,688.28375192829685147,55.438199974837019113,0,1408387.6626192640979,2725870.2791828913614,0.048962349359916598757,0.016985659999999999648,959370360.93395638466,141117359.68719285727,-0.14847946279036086659,-0.010915503865747230861,9999983.6631391718984,9999982.809374935925,9999981.9556119982153,1393858.794786572922,2545489.5676851877943,0.001452889156831609508,0.018038103698422611187,584.19999129024938611,584.19977547509415672,959370360.9339723587,141117359.68719393015,-0.00021572420150029774006,-0.00019689499065088145223,84,84,83,0,0
0,0,550,9.5386214346247834316e-05,0.50000112357289239196,91510.720879074462573,13460.678395198019643,0.065652791428117598937,0.0052880486062520356064,3.5350816646671929242e-05,2.9594614131638702722e-06,0.49999887642710760804,0.00019077199999999999562,688.28385609057522743,55.438539086395003608,0,1408387.7711805149447,2725871.6453937697224,0.048962349359916598757,0.016985659999999999648,959370507.63839936256,141118284.06025916338,0.37060718772578599145,0.031026230930325773144,10000058.380436437204,10000058.038914255798,10000057.697390541434,1393858.7969905112404,2545490.6710355677642,0.0014528889369568537358,0.018037993361289833549,584.20003112314543614,584.20071792623605234,959370507.63849914074,141118284.06026783586,0.00053845108300348636619,0.00055965094754706161666,85,85,84,0,0
0,0,550,9.5385718586709649269e-05,0.49999852487110085786,91510.220042401822866,13460.593218119149242,0.065652432298212090589,0.0052880191772921043142,-4.2485738817971378399e-05,-3.5121827046451400595e-06,0.50000147512889914214,0.00019077199999999999562,688.28366836206464541,55.437942426753572533,0,1408387.575534804957,2725869.2415300728753,0.048962349359916598757,0.016985659999999999648,959370243.24245584011,141116657.6438369751,-0.44540985220287504509,-0.036820627165740221765,9999923.7220499757677,9999924.0765027329326,9999924.4309533983469,1393858.7930257103872,2545488.7296779626049,0.0014528893332304961081,0.018038187498052131452,584.19995933592781512,584.19905969129297318,959370243.24259996414,141116657.64384919405,-0.00064713122318132900324,-0.00066417737661149389705,86,86,85,0,0
0,0,550,9.5386307465761101059e-05,0.50000161169228762859,91510.814883215527516,13460.694182873343379,0.065652858835390265346,0.005288054056411323027,4.5846061083473424588e-05,3.7406081911688648967e-06,0.49999838830771237141,0.00019077199999999999562,688.28389083995477904,55.438650345943280229,0,1408387.8073896262795,2725872.0936529790051,0.048962349359916598757,0.016985659999999999648,959370556.57644915581,141118587.33992287517,0.48063566251298561749,0.039215610767056756358,10000083.305067686364,10000082.926462627947,10000082.547855129465,1393858.797720328439,2545491.0330487368628,0.0014528888636048695269,0.018037957160931768208,584.20004440993841399,584.2010271404510604,959370556.57661700249,141118587.33993673325,0.00069831020151646524489,0.00070736950705594444245,87,87,86,0,0
0,0,550,9.5385678376040138374e-05,0.49999831409242517788,91510.179364703028114,13460.586155491211684,0.065652403130228367822,0.0052880167338469506386,-5.2520034626650415749e-05,-4.2441331755820313942e-06,0.50000168590757487763,0.00019077199999999999562,688.28365272411326714,55.437893440254704558,0,1408387.5592380750459,2725869.0441651567817,0.048962349359916598757,0.016985659999999999648,959370221.21832919121,141116524.11291196942,-0.55060713013540707461,-0.044494148671689187635,9999912.5050313733518,9999912.9973108991981,9999913.489587103948,1393858.7926958601456,2545488.5702861873433,0.0014528893662404517712,0.018038203437107467458,584.1999533561285034,584.19892354678927404,959370221.21854937077,141116524.11292982101,-0.0007999712443499054507,-0.00080259450550083455758,88,88,87,0,0
0,0,550,9.5386319343669385279e-05,0.50000167395461281306,91510.826996866177069,13460.696547562654814,0.065652867520770125109,0.0052880548803357768639,6.1358193378924179144e-05,4.9227001372953090063e-06,0.49999832604538718694,0.00019077199999999999562,688.28389618670587424,55.438665887266139976,0,1408387.812962759519,2725872.1562660145573,0.048962349359916598757,0.016985659999999999648,959370564.10711467266,141118629.70353505015,0.6432598909478354221,0.051608376681102997863,10000087.140466278419,10000086.579772124067,10000086.019074216485,1393858.7978337258101,2545491.0836147838272,0.0014528888523184873248,0.018037952104285624733,584.20004645468782201,584.20107033252190831,959370564.10741531849,141118629.70355907083,0.00093458512470171589692,0.00093090942675366696469,89,89,88,0,0
0,0,550,9.538569896347301989e-05,0.49999842200885363797,91510.200107749522431,13460.589536038742153,0.065652418004609539026,0.0052880178984971394282,-7.0712600931087426148e-05,-5.6478698802906082864e-06,0.50000157799114641755,0.00019077199999999999562,688.28366010873878622,55.437917615362401591,0,1408387.5669344617054,2725869.1415621070191,0.048962349359916598757,0.016985659999999999648,959370231.61883354187,141116590.01098242402,-0.74133336233313229524,-0.059210492690431805463,9999917.802059834823,9999918.3456139676273,9999918.8891646694392,1393858.792851870181,2545488.648943726439,0.001452889350652338072,0.018038195571092121433,584.1999561800180345,584.19899073383032828,959370231.61923277378,141116590.01101404428,-0.001077075347417099033,-0.0010680504470107295058,90,90,89,0,0
0,0,550,9.5386271542384075709e-05,0.50000142338699637978,91510.778667461578152,13460.688223065160855,0.065652832865855742517,0.0052880520018193620524,7.9076439907372383497e-05,6.3016816759442247567e-06,0.49999857661300362022,0.00019077199999999999562,688.28387779769195731,55.438607927275789677,0,1408387.7938013800886,2725871.9227496120147,0.048962349359916598757,0.016985659999999999648,959370538.20949399471,141118471.71186181903,0.8290127984742065026,0.066065246634294347294,10000073.950556814671,10000073.511971637607,10000073.073383960873,1393858.7974473561626,2545490.895027173683,0.0014528888911356006939,0.018037970962615026277,584.20003942340167669,584.20090924956821254,959370538.20999324322,141118471.7119011879,0.0012044634855124111087,0.0011916830004274016255,91,91,90,0,0
0,0,550,9.538576438730118586e-05,0.49999876495136175159,91510.26633467208012,13460.601158360053887,0.065652465492443773387,0.00528802192219262647,-8.5050931551662747139e-05,-6.7709814225109817332e-06,0.50000123504863824841,0.00019077199999999999562,688.28368587445277171,55.437997822493265687,0,1408387.5937836149242,2725869.4647133336402,0.048962349359916598757,0.016985659999999999648,959370267.90550994873,141116808.64533144236,-0.8916522512345214091,-0.070984889790635136153,9999936.283150466159,9999936.5434767715633,9999936.8038017880172,1393858.7933936661575,2545488.9099201033823,0.0014528892962638172582,0.018038169473614407839,584.19996603202332608,584.19921364722711132,959370267.90608751774,141116808.6453768909,-0.0012954720118081722649,-0.0012804374721093177234,92,92,91,0,0
0,0,550,9.5386196526390875467e-05,0.50000103016370789355,91510.702676632587099,13460.674743606325137,0.065652778377335643811,0.0052880473320084378161,8.7632020189459971073e-05,6.9726641046080396169e-06,0.49999896983629210645,0.00019077199999999999562,688.28384785393166112,55.438515370597144738,0,1408387.762594523374,2725871.54985336354,0.048962349359916598757,0.016985659999999999648,959370496.03666162491,141118219.4143383503,0.9187075633654653295,0.073099600262183692112,10000052.471673352644,10000052.436053059995,10000052.40043262206,1393858.7968146831263,2545490.5938765997998,0.0014528889543434717058,0.018038001077683416679,584.20002797284473672,584.20065201712156977,959370496.03727471828,141118219.41438654065,0.0013347800710854897457,0.0013185706683074963942,93,93,92,0,0
0,0,550,9.5385843959684116136e-05,0.49999918205860460763,91510.346966971221264,13460.615529412842079,0.065652523308827967496,0.0052880269023790182209,-8.6361571938353497808e-05,-6.8676988208538395668e-06,0.50000081794139539237,0.00019077199999999999562,688.28371782899705522,55.438096280386666592,0,1408387.6270883504767,2725869.8613885757513,0.048962349359916598757,0.016985659999999999648,959370312.91134023666,141117077.02865311503,-0.90539191512374905813,-0.071998905354264827738,9999959.2047932352871,9999958.9997784122825,9999958.7947642616928,1393858.7940702880733,2545489.2302746446803,0.0014528892288113784415,0.018038137437879301489,584.19997825198515784,584.1994872816150064,959370312.91193568707,141117077.02869987488,-0.0013154341613362007836,-0.0012987261501570929699,94,94,93,0,0
0,0,550,9.5386114985883076927e-05,0.500000602739831157,91510.620054196595447,13460.660030206758165,0.065652719133896239589,0.0052880422334570754625,8.1280666537155772016e-05,6.4583877237577204259e-06,0.499999397260168843,0.00019077199999999999562,688.28381514031366351,55.438414527206568039,0,1408387.7284993550275,2725871.1435688282363,0.048962349359916598757,0.016985659999999999648,959370449.96213185787,141117944.52827757597,0.85212262339424493796,0.067708002319230894961,10000029.005677089095,10000029.441138233989,10000029.876600427553,1393858.7961225768086,2545490.2657619025558,0.0014528890233982036904,0.018038033889104944374,584.20001546279024751,584.2003717537202192,959370449.96265935898,141117944.52831891179,0.0012380396061187797559,0.0012213192403978830308,95,95,94,0,0
0,0,550,9.5385925862454258822e-05,0.49999961138140952555,91510.429928496407229,13460.630228260628428,0.065652582795738836929,0.0052880319942614590831,-7.2782984141546937695e-05,-5.7767771641194274826e-06,0.50000038861859041894,0.00019077199999999999562,688.28375048127475111,55.438197263849772867,0,1408387.6611155236606,2725870.2682430767454,0.048962349359916598757,0.016985659999999999648,959370358.89774107933,141117352.29659819603,-0.7630369311139194588,-0.060562060199577716357,9999982.6259792894125,9999981.9879348985851,9999981.3498915024102,1393858.7947585745715,2545489.5588500350714,0.0014528891598861097371,0.018038104580505209124,584.19999073775124998,584.19976793609009746,959370358.89816403389,141117352.29663127661,-0.0011086080858081776967,-0.0010924247754908350018,96,96,95,0,0
0,0,550,9.5386034926330664921e-05,0.500000183078914473,91510.538997664640192,13460.645770285367689,0.065652661012767787874,0.0052880372958255235719,6.1448254039229754974e-05,4.8707496634922134508e-06,0.499999816921085527,0.00019077199999999999562,688.28378350639275141,55.438316231758200558,0,1408387.6955309330951,2725870.7475535334088,0.048962349359916598757,0.016985659999999999648,959370405.40905237198,141117676.58781960607,0.64420597927870659749,0.051063588440190266216,10000006.314526237547,10000007.118227228522,10000007.92192880623,1393858.7954544506501,2545489.9459406635724,0.00145288909017382388,0.018038065871617207925,584.20000336599866841,584.20009857251920948,959370405.40935385227,141117676.5878431201,0.00093595983911877716349,0.00092108837192530297524,97,97,96,0,0
0,0,550,9.538600031851551613e-05,0.50000000166961355852,91510.505276811483782,13460.64339116229894,0.06565263682408571666,0.005288036549998866194,-4.79121041358982871e-05,-3.7927114295594283905e-06,0.49999999833038644148,0.00019077199999999999562,688.28377964121204968,55.438288298668794596,0,1408387.6915053259581,2725870.635010167025,0.048962349359916598757,0.016985659999999999648,959370399.96665811539,141117600.44565328956,-0.50229702446804447291,-0.039761720191895597032,10000003.542605729774,10000002.612753599882,10000001.682901466265,1393858.7953747184947,2545489.855050987564,0.001452889098332782198,0.018038074960261940571,584.20000188858102774,584.20002093983271152,959370399.96684134007,141117600.44566753507,-0.00072978187097461663223,-0.00071722488937037349229,98,98,97,0,0
0,0,550,9.5385971364451949909e-05,0.49999984989648349476,91510.474698329839157,13460.634602068916138,0.065652614906813816509,0.005288033431890032561,3.27884827055328242e-05,2.5925199878151861322e-06,0.50000015010351650524,0.00019077199999999999562,688.28375879265786352,55.438238781222423768,0,1408387.6697777574882,2725870.4355120109394,0.048962349359916598757,0.016985659999999999648,959370370.60384118557,141117465.46759814024,0.34374533525746847618,0.027179242336639406613,9999988.5879405625165,9999989.6054629907012,9999990.6229848079383,1393858.7949346727692,2545489.6939366026781,0.001452889142341719968,0.018038091071874231414,584.1999939162018336,584.19988332141451792,959370370.60392701626,141117465.46760481596,0.00049942386532619040089,0.00049026164853284133569,99,99,98,0,0
0,0,550,9.5386047084644557813e-05,0.50000024681108634628,91510.552572965098079,13460.651572732933346,0.065652670737881779761,0.0052880393798810992542,-1.6643612470631116528e-05,-1.3149428719853734184e-06,0.49999975318891365372,0.00019077199999999999562,688.28379773010510689,55.438345146833661659,0,1408387.710357852513,2725870.8640486104414,0.048962349359916598757,0.016985659999999999648,959370425.4434350729,141117755.40658086538,-0.17448686657349110618,-0.013785498092703869083,10000016.518052782863,10000015.449147898704,10000014.380241958424,1393858.7957574303728,2545490.0400222493336,0.0014528890601491787835,0.01803805646347137609,584.20000880598070125,584.200178933306006,959370425.44345724583,141117755.40658259392,-0.00025351005958433467597,-0.00024866359297326937798,100,100,99,0,0
0,0,550,9.5385946500876097861e-05,0.49999971956511490845,91510.449556811858201,13460.630263105564154,0.065652596879056585033,0.0052880319313237268003,0,0,0.50000028043488509155,0.00019077199999999999562,688.28374920464386832,55.438208599041118418,0,1408387.6597837670706,2725870.3139165183529,0.048962349359916598757,0.016985659999999999648,959370357.099421978,141117383.19511455297,0,0,9999981.7101037260145,9999982.795914022252,9999983.8817231003195,1393858.7947311496828,2545489.5957362405024,0.0014528891625809330513,0.01803810089233829142,584.19999024941682819,584.19979944036629149,959370357.099421978,141117383.19511455297,0,0,101,101,100,0,0
