"Tw","area","dummy_bounds","enthalpy","heat_flux_perimeter","heat_transfer_coefficient","hydraulic_diameter","jump_pressure_pcs_wse","jump_rho_pcs_wse","pressure","rho","rhoA","rhoE","rhoEA","rhoe","rhou","rhouA","specific_internal_energy","specific_volume","temperature","u","GlobalNodeId","PedigreeNodeId","Points:0","Points:1","Points:2"
550,0.0045603673099999996951,0,121734.2699652799638,0.048962349359916598757,0,0.016985659999999999648,2217.9707591235637665,0.00096231930729118175805,9999980.9213187173009,1000.9550210666586736,4.5647225568527511896,111850547.83631239831,510079.58195831027115,111850547.83631239831,0,0,111743.83012447440706,0.00099904589012836863757,299.99999960829018164,0,1,1,0,0,0
550,0.0045603673099999996951,0,121734.30758514443005,0.048962349359916598757,0,0.016985659999999999648,2126.4822646453976631,0.00092262522866803919896,10000018.576871050522,1000.9550374043984675,4.5647226313588458169,111850549.82541574538,510079.59102935215924,111850549.82541532815,-0.028812141232891837206,-0.00013139394700958302348,111743.83028777975414,0.00099904587382179015423,300.00000038142297853,-2.8784650814691259744e-05,2,2,0.10000000149011611938,0,0
550,0.0045603673099999996951,0,121734.27176799671724,0.048962349359916598757,0,0.016985659999999999648,1818.3748587816953659,0.00078894634953030617908,9999982.7252883110195,1000.9550218493217244,4.5647225604219823225,111850547.93205811083,510079.58239494590089,111850547.93205681443,0.050902038275867034223,0.00023213199136563276428,111743.8301327531517,0.00099904588934719837021,299.99999964543849273,5.0853472098898713425e-05,3,3,0.20000000298023223877,0,0
550,0.0045603673099999996951,0,121734.30474459409015,0.048962349359916598757,0,0.016985659999999999648,1344.1395983994007111,0.00058318832634540740401,10000015.734250618145,1000.9550361711043251,4.5647226257345714373,111850549.67463877797,510079.59034175379202,111850549.67463691533,-0.061121518597285512397,-0.00027873657534861789225,111743.83027482671605,0.00099904587505273215187,300.00000032290853369,-6.1063201031576945597e-05,4,4,0.30000001192092895508,0,0
550,0.0045603673099999996951,0,121734.27477537754748,0.048962349359916598757,0,0.016985659999999999648,828.71455463767051697,0.00035955821113020647317,9999985.7359455246478,1000.9550231555947448,4.5647225663790669259,111850548.09067203104,510079.58311828359729,111850548.09067040682,0.057142948087337379348,0.00026059283245452038395,111743.8301453867025,0.0009990458880434168517,299.99999970715049358,5.7088427317332837707e-05,5,5,0.40000000596046447754,0,0
550,0.0045603673099999996951,0,121734.30147369988845,0.048962349359916598757,0,0.016985659999999999648,408.76798039674758911,0.00017735380424710456282,10000012.459670197219,1000.9550347503111425,4.5647226192552325941,111850549.50224192441,510079.58955556078581,111850549.50224111974,-0.040024799634841345952,-0.00018252778784403039369,111743.8302612087864,0.00099904587647081525073,300.00000025581630325,-3.9986611031758840758e-05,6,6,0.5,0,0
550,0.0045603673099999996951,0,121734.27999265518156,0.048962349359916598757,0,0.016985659999999999648,354.2828071191906929,0.0001537142434244742617,9999990.9580310638994,1000.9550254213086191,4.5647225767115546802,111850548.36666181684,510079.58437689841958,111850548.36666172743,0.013845051314354732061,6.3138519419255847748e-05,111743.83016817670432,0.00099904588578202438952,299.99999981440316787,1.3831841554047104385e-05,7,7,0.60000002384185791016,0,0
550,0.0045603673099999996951,0,121734.29123453382635,0.048962349359916598757,0,0.016985659999999999648,798.58678044378757477,0.00034648719429242191836,10000002.210605330765,1000.9550303035025536,4.5647225989761519571,111850548.96103286743,510079.58708744874457,111850548.96103274822,0.015241703386435065046,6.9507765872214765583e-05,111743.83021694613853,0.00099904588090914234373,300.00000004543028354,1.5227160986256877369e-05,8,8,0.69999998807907104492,0,0
550,0.0045603673099999996951,0,121734.29865809108014,0.048962349359916598757,0,0.016985659999999999648,1578.2417405471205711,0.00068476043452392332256,10000009.641983486712,1000.9550335278328248,4.5647226136802823149,111850549.35281327367,510079.58887411130127,111850549.3528124392,-0.040773600982204713516,-0.00018594259703023026972,111743.83024839677091,0.00099904587769096206418,300.00000019782174832,-4.0734697979887774595e-05,9,9,0.80000001192092895508,0,0
550,0.0045603673099999996951,0,121734.26275510585401,0.048962349359916598757,0,0.016985659999999999648,2568.4135842248797417,0.0011143699348394875415,9999973.7030260954052,1000.9550179347464791,4.564722542570081032,111850547.45628400147,510079.58022524119588,111850547.45628236234,0.057282928941660218869,0.00026123119656660013458,111743.83009444491472,0.00099904589325430738153,299.99999946039349652,5.7228274912743945025e-05,10,10,0.89999997615814208984,0,0
550,0.0045603673099999996951,0,121734.33496088164975,0.048962349359916598757,0,0.016985659999999999648,3698.8451478779315948,0.0016048328880060580559,10000045.978486159816,1000.9550492932212364,4.5647226855762443876,111850551.27296063304,510079.59763068851316,111850551.27295868099,-0.062393981940237444594,-0.00028453947558098918909,111743.83040670692571,0.00099904586195564363399,300.00000094404686024,-6.2334449468329379941e-05,11,11,1,0,0
550,0.0045603673099999996951,0,121734.22312823442917,0.048962349359916598757,0,0.016985659999999999648,4642.1195880025625229,0.0020140936285315547138,9999934.039239384234,1000.9550007257319066,4.5647224640906536308,111850545.36042891443,510079.57066737214336,111850545.3604272455,0.057682760832158314068,0.00026305457684952315107,111743.82992175591062,0.00099904591043049949077,299.99999864586590093,5.7627726311708349881e-05,12,12,1.1000000238418579102,0,0
550,0.0045603673099999996951,0,121734.3686752612266,0.048962349359916598757,0,0.016985659999999999648,4822.474646583199501,0.0020923449992551468313,10000079.72496929206,1000.9550639349262156,4.5647227523477971189,111850553.05545470119,510079.60575951618375,111850553.0554536581,-0.045769989679738741495,-0.00020872796471451790143,111743.83055294203223,0.00099904584734186599806,300.00000163689139754,-4.5726318122423053041e-05,13,13,1.2000000476837158203,0,0
550,0.0045603673099999996951,0,121734.23202873152331,0.048962349359916598757,0,0.016985659999999999648,5166.1168177202343941,0.0022414433651647414081,9999942.9479396659881,1000.9550045909630853,4.5647224817175278133,111850545.83125665784,510079.57281451957533,111850545.83125655353,0.014614743000325433608,6.664859622273542456e-05,111743.82996063234168,0.00099904590657264014629,299.99999882883474811,1.4600799170086270506e-05,14,14,1.2999999523162841797,0,0
550,0.0045603673099999996951,0,121734.31635590254155,0.048962349359916598757,0,0.016985659999999999648,6731.7417704612016678,0.0029207279676484176889,10000027.356125537306,1000.95504121349461,4.564722648729722998,111850550.28899347782,510079.59314343688311,111850550.28899341822,0.010625963120975880777,4.845829485416398223e-05,111743.8303256786603,0.00099904587001995934226,300.00000056163378304,1.0615824570995351854e-05,15,15,1.3999999761581420898,0,0
550,0.0045603673099999996951,0,121734.01567051069287,0.048962349359916598757,0,0.016985659999999999648,17772.754798986017704,0.0077111206510380725376,9999726.3828237745911,1000.9549106289873635,4.5647220532164052287,111850534.39316000044,510079.52065259753726,111850534.39314757288,0.15774605131082675147,0.00071937993567947695808,111743.82902308968187,0.00099904600035541336021,299.9999943827832567,0.00015759556163394126981,16,16,1.5,0,0
550,0.0045603673099999996951,0,121734.2871345844469,0.048962349359916598757,0,0.016985659999999999648,31829.78854263573885,0.013810015767376171425,9999998.105749854818,1000.9550285224456729,4.5647225908538784367,111850548.74520771205,510079.58610320673324,111850548.74520766735,0.009469298949458814646,4.3183481377729313663e-05,111743.83020015918009,0.0009990458826868021773,299.99999996139513314,9.4602641273872904346e-06,17,17,1.6000000238418579102,0,0
550,0.0045603673099999996951,0,121737.10120927476964,0.048962349359916598757,0,0.016985659999999999648,115044.35086580365896,0.049914542276383144781,10002814.872737554833,1000.9562506401470046,4.5647281641594927848,111850697.51749823987,510080.26455949706724,111850697.51579403877,-1.8470653979679760859,-0.0084232966603252981685,111743.8423949713615,0.00099904466290156495115,300.00005778931563327,-0.0018453008278700615882,18,18,1.7000000476837158203,0,0
550,0.0045603673099999996951,0,121740.38472197753435,0.048962349359916598757,0,0.016985659999999999648,539541.65772401541471,0.23411360381123813568,10006101.505758883432,1000.9576766084309156,4.5647346670986399531,111850871.13496826589,510081.05631893186364,111850871.12683470547,-4.0351833092638846878,-0.01840191805342463946,111743.85664918592374,0.00099904323965856797057,300.00012526947210745,-0.0040313226059031726303,19,19,1.7999999523162841797,0,0
550,0.0045603673099999996951,0,121721.75295493930753,0.048962349359916598757,0,0.016985659999999999648,1371927.2679422870278,0.59545479074768081773,9987452.0895464960486,1000.9495850664601448,4.5646977666951489283,111849886.02426217496,510076.56385227106512,111849885.99000944197,8.2807311584575913344,0.037763175677928424723,111743.77576926907932,0.00099905131578989850305,299.99974236419080853,0.0082728753595594679837,20,20,1.8999999761581420898,0,0
550,0.0045603673099999996951,0,121627.12442628914141,0.048962349359916598757,0,0.016985659999999999648,2035526.1956750229001,0.88400679324513475876,9892734.7099062390625,1000.9084841685097444,4.5645103315037243163,111844886.03338557482,510053.76205732708331,111844883.53971403837,70.653195287560251359,0.32220452213643580031,111743.36646034881414,0.00099909234042584380009,299.99779793417127394,0.070589066238412767618,21,21,2,0,0
550,0.0045603673099999996951,0,121415.39613712162827,0.048962349359916598757,0,0.016985659999999999648,2011413.2858176678419,0.87465620950661104871,9680806.936749862507,1000.8164897035967442,4.564090802953233883,111833723.6211758554,510002.85735758516239,111833701.53143936396,210.27492732857436408,0.95893090470185615715,111742.46495934553968,0.0009991841764079661091,299.99345034985191205,0.21010338008204648697,22,22,2.0999999046325683594,0,0
550,0.0045603673099999996951,0,121101.36149314312206,0.048962349359916598757,0,0.016985659999999999648,1613863.6578777506948,0.70351386968013684964,9366475.190339801833,1000.679961313603485,4.5634681833466217427,111817230.54364335537,509927.64286596467718,111817143.48468244076,417.41623745264416812,1.9035713639422360277,111741.16381615042337,0.00099932050071961978609,299.98700960027241535,0.41713260341967606237,23,23,2.2000000476837158203,0,0
550,0.0045603673099999996951,0,120713.54598013087525,0.048962349359916598757,0,0.016985659999999999648,1347465.7228723987937,0.58939091288721101591,8978289.7377592306584,1000.5112194995346044,4.5626986586939120016,111796967.36093465984,509835.23530994338216,111796740.85487659276,673.23376680493061031,3.0701932621253686939,111739.6173835995578,0.00099948904171230559118,299.97906835661552805,0.67288977243222580782,24,24,2.2999999523162841797,0,0
550,0.0045603673099999996951,0,120260.34489486698294,0.048962349359916598757,0,0.016985659999999999648,1208478.9418023750186,0.53060506960991915548,8524655.3600808493793,1000.3138377751158714,4.5617985255302810899,111773431.77386258543,509727.90438803820871,111772959.1998822093,972.33974715143813228,4.4342263971230835296,111737.89162857735937,0.00099968626068813173577,299.96980533596752139,0.9720346859482646984,25,25,2.4000000953674316406,0,0
550,0.0045603673099999996951,0,119745.10111192555632,0.048962349359916598757,0,0.016985659999999999648,1192931.7515785396099,0.52572590544423292158,8008911.58217327483,1000.0891823867019639,4.5607740144409429917,111746868.68366530538,509606.76693984994199,111746007.51851293445,1312.4343436016615669,5.9851826770823244317,111736.04263155041554,0.0009999108255660869686,299.95929804387947115,1.3123173080120227318,26,26,2.5,0,0
550,0.0045603673099999996951,0,119181.602170426675,0.048962349359916598757,0,0.016985659999999999648,995427.9174482524395,0.43723859674082632409,7444869.4325658380985,999.8431853132001379,4.5596521774285898587,111718043.31224417686,509475.31265832245117,111716624.13269647956,1684.6109340138682455,7.6824446335454110724,111734.14568775735097,0.0010001568392815026777,299.9478329511314314,1.684875147182370414,27,27,2.5999999046325683594,0,0
550,0.0045603673099999996951,0,118538.26205402202322,0.048962349359916598757,0,0.016985659999999999648,1191170.5142115615308,0.5170426383438098128,6800889.9604078857228,999.5619353280139876,4.5583695741902090504,111685444.66872964799,509326.65087008842966,111683218.50219807029,2109.5930065641509827,9.6205189845397693915,111732.16441615330405,0.0010004382566567444467,299.93478220237204823,2.1105175497422994368,28,28,2.7000000476837158203,0,0
550,0.0045603673099999996951,0,117920.36808959646442,0.048962349359916598757,0,0.016985659999999999648,2135723.3343385905027,0.92886970921699685277,6182370.8536357581615,999.29141348870177808,4.557135895237568235,111654440.45372509956,509185.26026150945108,111651267.90815213323,2518.0538318180324495,11.483250379443193268,111730.43858983831888,0.0010007090889621720643,299.92228460914543575,2.5198393559963299104,29,29,2.7999999523162841797,0,0
550,0.0045603673099999996951,0,117465.92389274692687,0.048962349359916598757,0,0.016985659999999999648,2457039.1047195121646,1.0724445321802704711,5727461.8844141121954,999.09220473458481138,4.5562274301474277038,111631826.99877536297,509082.13460079050856,111627851.46952600777,2818.4819611705447642,12.8533129995468407,111729.278779810571,0.001000908620106445799,299.91311580048994756,2.8210428905501192531,30,30,2.9000000953674316406,0,0
550,0.0045603673099999996951,0,117105.47370277231676,0.048962349359916598757,0,0.016985659999999999648,2508649.3296066112816,1.0979125958128861384,5366644.9952295059338,998.93405211545098155,4.5555061961131384507,111614000.37558020651,509000.83865112368949,111609323.12599939108,3056.8820312600450961,13.940504885884706709,111728.41979872786033,0.0010010670853419119386,299.90585604066473024,3.0601439852675564879,31,31,3,0,0
550,0.0045603673099999996951,0,116879.76620358484797,0.048962349359916598757,0,0.016985659999999999648,2455078.373495016247,1.076097048690826341,5140703.2780081685632,998.83495082132378684,4.5550542578110224667,111602892.24995732307,508950.18151815771125,111597745.95420525968,3206.3374945322284475,14.622076694892077953,111727.91446919280861,0.0010011664081014768225,299.90131691562055494,3.2100773925619199289,32,32,3.0999999046325683594,0,0
550,0.0045603673099999996951,0,116794.3139819233329,0.048962349359916598757,0,0.016985659999999999648,1560041.3912174887955,0.68426798833297652891,5055157.0905554061756,998.79741517569948428,4.5548830814797574007,111598701.82180868089,508931.0716266137315,111593373.53633853793,3262.4768979687924002,14.878092995127085274,111727.73561564338161,0.0010012040327758446514,299.8996011196247764,3.2664050270843829615,33,33,3.2000000476837158203,0,0
550,0.0045603673099999996951,0,116773.33586158181424,0.048962349359916598757,0,0.016985659999999999648,604220.24661111086607,0.265113603207282722,5034143.5115523729473,998.78819314475038027,4.554841025631285234,111597685.6211220175,508926.43737822183175,111592309.36737950146,3277.1142065475605705,14.944844498676081557,111727.70176229633216,0.0010012132771127723284,299.89918205555363784,3.2810902542103055346,34,34,3.2999999523162841797,0,0
550,0.0045603673099999996951,0,116773.72930732305394,0.048962349359916598757,0,0.016985659999999999648,161170.85241154208779,0.070726954164456401486,5034525.9879991235211,998.78836000422165853,4.554841786571763862,111597715.598439008,508926.57408579828916,111592343.54165172577,3275.8350960999341623,14.939011285204847113,111727.71731258466025,0.0010012131098481897185,299.89919326830010959,3.2798090439160585419,35,35,3.4000000953674316406,0,0
550,0.0045603673099999996951,0,116770.64383142042789,0.048962349359916598757,0,0.016985659999999999648,109771.1979806907475,0.048172419476031791419,5031417.6227094531059,998.78699482791023456,4.5548355608663406713,111597582.81379520893,508925.96853904944146,111592200.98335815966,3278.8114459017551781,14.952584533544197143,111727.72729443214484,0.0010012144783405983045,299.89913487751942966,3.2827934913857088617,36,36,3.5,0,0
550,0.0045603673099999996951,0,116765.24893820547732,0.048962349359916598757,0,0.016985659999999999648,140737.26721357554197,0.061762036883919790853,5025998.6042866846547,998.78461546017911132,4.5548247100755210326,111597335.65557095408,508924.84140676318202,111591942.7083003968,3282.1921838389462209,14.968001940316639775,111727.73486993052938,0.0010012168634969021049,299.8990307216755582,3.2861861636972773404,37,37,3.5999999046325683594,0,0
550,0.0045603673099999996951,0,116771.34581702522701,0.048962349359916598757,0,0.016985659999999999648,135478.21486480534077,0.059467954349202045705,5032079.9274712996557,998.78728251237532731,4.554836872813170956,111597655.2364281565,508926.29881285724696,111592278.770804286,3277.1772884579427227,14.945132175358041948,111727.77299496864725,0.0010012141899570189182,299.89915880056361175,3.2811564042089584881,38,38,3.7000000476837158203,0,0
550,0.0045603673099999996951,0,116775.41709738352802,0.048962349359916598757,0,0.016985659999999999648,198137.02951225265861,0.086947533129205112346,5036112.7164758648723,998.7890498145628726,4.5548449323602939742,111597895.16791911423,508927.3929885852267,111592521.13937240839,3276.4373535416298182,14.941757800354160679,111727.81796125105757,0.0010012124183636794423,299.89924846037450834,3.2804097663565090492,39,39,3.7999999523162841797,0,0
550,0.0045603673099999996951,0,116766.09380775420868,0.048962349359916598757,0,0.016985659999999999648,213797.84306988120079,0.093731287357513792813,5026722.1962791616097,998.78492466269710803,4.5548261201525761521,111597492.01065602899,508925.55444338190136,111592103.44043849409,3280.8604660234195762,14.961928817924567525,111727.8612090832612,0.0010012165535415076378,299.89907520157544241,3.2848518084425530894,40,40,3.9000000953674316406,0,0
550,0.0045603673099999996951,0,116768.05451169869048,0.048962349359916598757,0,0.016985659999999999648,209234.93484624475241,0.091786969048371247482,5028547.4191692015156,998.78571653083542969,4.554829731362148415,111597717.57420943677,508926.58309603721136,111592332.03579634428,3279.9386710211579157,14.957725094129731502,111728.00150106186629,0.0010012157597461266486,299.89914457463237341,3.2839262884271498422,41,41,4,0,0
550,0.0045603673099999996951,0,116776.71367059172189,0.048962349359916598757,0,0.016985659999999999648,229133.55496256425977,0.10047796971502975794,5036918.5689774220809,998.78937068648633613,4.5548463956541240805,111598421.78890888393,508929.79457373177866,111593048.27040633559,3276.2823942780287325,14.941051129194052649,111728.30983744490368,0.0010012120967133257381,299.89938230147021159,3.2802535654000597454,42,42,4.0999999046325683594,0,0
550,0.0045603673099999996951,0,116768.99904781786609,0.048962349359916598757,0,0.016985659999999999648,180996.056526158005,0.078693053480492380913,5028633.5881815617904,998.78569667696262968,4.5548296408211959019,111598572.47606480122,508930.48176251165569,111593191.74279789627,3278.4750798553445748,14.95105058082195093,111728.86447420812328,0.0010012157796483044277,299.89935342754847625,3.2824609831349058631,43,43,4.1999998092651367188,0,0
550,0.0045603673099999996951,0,116769.61252839151712,0.048962349359916598757,0,0.016985659999999999648,167933.72276784852147,0.073332887727701745462,5028031.6863444959745,998.78535192760307382,4.5548280686374864601,111599746.85727487504,508935.83737219154136,111594356.49560159445,3281.4064913877414256,14.964418894146451322,111730.06920879482641,0.0010012161252365711986,299.89963086851253138,3.2853970926333668778,44,44,4.3000001907348632812,0,0
550,0.0045603673099999996951,0,116779.35261455840373,0.048962349359916598757,0,0.016985659999999999648,167870.9833343885839,0.07278970945299079176,5035357.4278320902959,998.78840497965484246,4.5548419916762590276,111602505.90461939573,508948.41964150825515,111597130.24363102019,3276.9338913947976835,14.944022195347924864,111732.50479004533554,0.0010012130647635720387,299.90035882897024067,3.2809090244310037399,45,45,4.4000000953674316406,0,0
550,0.0045603673099999996951,0,116778.06308232883748,0.048962349359916598757,0,0.016985659999999999648,112346.64558222517371,0.042681772803916828707,5029675.0380779355764,998.78561740754457787,4.5548292793235329867,111606574.79726305604,508966.97528650827007,111601198.73843832314,3277.0505740617063566,14.944554311167738803,111736.89007267767738,0.0010012158591105942574,299.9013004439561314,3.2810350058580572963,46,46,4.5,0,0
550,0.0045603673099999996951,0,116787.20905939162185,0.048962349359916598757,0,0.016985659999999999648,99628.827329810708761,0.038825850211651413701,5029031.6753292847425,998.78468195849688982,4.5548250133322758515,111616243.78187565506,509011.06940785649931,111610851.37607377768,3282.027517807940967,14.967251002731776666,111746.65910696415813,0.0010012167968366514348,299.90363304465597594,3.2860210785094130514,47,47,4.5999999046325683594,0,0
550,0.0045603673099999996951,0,116812.82087662626873,0.048962349359916598757,0,0.016985659999999999648,101401.69087448716164,0.054693364610102435108,5033841.4976377561688,998.7854016735652749,4.5548282954973462466,111637098.7222456336,509106.17559617175721,111631722.47856271267,3277.1065610817718152,14.944809632543829991,111767.47506672858435,0.0010012160753695433738,299.90872428093410917,3.2810917696540724542,48,48,4.6999998092651367188,0,0
550,0.0045603673099999996951,0,116842.45077119443158,0.048962349359916598757,0,0.016985659999999999648,63633.781906623393297,0.064244918436997977551,5029850.9382913643494,998.78140270531957867,4.5548100587332847056,111670215.93848946691,509257.20226652827114,111664841.42241850495,3276.5734236313787733,14.942378329943320381,111801.0819183865824,0.0010012200840858467236,299.91671398466871779,3.2805711187216597402,49,49,4.8000001907348632812,0,0
550,0.0045603673099999996951,0,116921.83220143956714,0.048962349359916598757,0,0.016985659999999999648,47901.406166043132544,0.0736227921197496471,5030300.0391993755475,998.77632242677725571,4.5547868907970947561,111748457.53835518658,509614.01270083803684,111743064.58746367693,3282.179659446896494,14.967944824488558453,111879.96959715256526,0.0010012251767945895033,299.93566082969175568,3.2862009098013245101,50,50,4.9000000953674316406,0,0
550,0.0045603673099999996951,0,117091.40154780632292,0.048962349359916598757,0,0.016985659999999999648,64256.105456378310919,0.06063052181252714945,5032856.6626293323934,998.76626355869382223,4.5547410186639112339,111914084.95612385869,510369.3345624699723,111908708.95043699443,3277.0026282383742,14.944335660602362736,112046.94535005239595,0.0010012352604271096239,299.97579583783976886,3.2810505799045710518,51,51,5,0,0
550,0.0045603673099999996951,0,117268.01215701419278,0.048962349359916598757,0,0.016985659999999999648,64565.980933278799057,0.059363863829275942408,5029273.4002678319812,998.75261317527269966,4.5546787679015885431,112092460.18341974914,511182.79111794399796,112087085.83464452624,3276.4752046574276392,14.941930415345291649,112227.07641113744467,0.0010012489447419432517,300.01896863124471793,3.2805673411363920344,52,52,5.0999999046325683594,0,0
550,0.0045603673099999996951,0,117444.28096170516801,0.048962349359916598757,0,0.016985659999999999648,50414.326348170638084,0.073178843095774936955,5031706.0191853279248,998.7420139553169065,4.5546304315653909356,112264831.67604219913,511968.86843807529658,112259438.97001820803,3282.0487732724532179,14.967347935457295804,112400.83765519913868,0.0010012595705668784693,300.06073049839966416,3.2861827453063270355,53,53,5.1999998092651367188,0,0
550,0.0045603673099999996951,0,117528.08647152701451,0.048962349359916598757,0,0.016985659999999999648,70522.149757884442806,0.066300578155278344639,5032476.2109900247306,998.73677192263380675,4.5546065259709047623,112347145.48182705045,512344.24962713825516,112341769.74119986594,3276.8734613014416936,14.943746611925643464,112483.86251457888284,0.0010012648258408813305,300.08067710519981119,3.2810181355325940267,54,54,5.3000001907348632812,0,0
550,0.0045603673099999996951,0,117559.07137334276922,0.048962349359916598757,0,0.016985659999999999648,106650.10364296659827,0.056289495000783063006,5028121.1614134088159,998.73248613129453588,4.5545869811881836142,112381942.45857150853,512502.93662237050012,112376568.28487952054,3276.3888207294767199,14.941536472904154209,112519.18791605861043,0.0010012691224990741962,300.08907177742202066,3.2805469594975793513,55,55,5.4000000953674316406,0,0
550,0.0045603673099999996951,0,117585.36104767266079,0.048962349359916598757,0,0.016985659999999999648,104389.54200397804379,0.040736278953772853129,5032839.8457605596632,998.7331068859757579,4.554589812057539433,112403553.11769075692,512601.48916576546617,112398161.21764843166,3281.788866239217441,14.966162663919288178,112540.73830405305489,0.0010012685001681523745,300.09433823104762951,3.2859518159678824389,56,56,5.5,0,0
550,0.0045603673099999996951,0,117595.31473225470108,0.048962349359916598757,0,0.016985659999999999648,126141.2529300712049,0.048385153845629247371,5032888.2851143945009,998.73246112290098608,4.5545868671407232497,112413369.81395247579,512646.25690648960881,112407992.70494937897,3277.2834202687040488,14.945616175398388492,112550.65503585028637,0.0010012691475709859738,300.09671986064034854,3.281442776560970831,57,57,5.5999999046325683594,0,0
550,0.0045603673099999996951,0,117593.2934373699245,0.048962349359916598757,0,0.016985659999999999648,176286.70056971162558,0.076418976263084914535,5026491.7781568206847,998.72936101737332137,4.5545727295208173757,112417383.03647613525,512664.55867529427633,112412009.47131796181,3276.1981920534249184,14.940667136121540182,112555.02627539404784,0.0010012722555601371709,300.09764323884985515,3.280366353419376324,58,58,5.6999998092651367188,0,0
550,0.0045603673099999996951,0,117602.7529776461015,0.048962349359916598757,0,0.016985659999999999648,171408.28836371004581,0.074821306470767012797,5033600.1298811649904,998.73232187497444556,4.5545862321190311306,112420070.41037237644,512676.81408736045705,112414681.05843754113,3281.0120302365967291,14.962620006407705731,112557.36757111790939,0.0010012692871726085533,300.09834533942034795,3.2851765767197504964,59,59,5.8000001907348632812,0,0
550,0.0045603673099999996951,0,117604.35196696122875,0.048962349359916598757,0,0.016985659999999999648,197501.33251907303929,0.085875172931082488503,5034122.2136906040832,998.73247793840391751,4.5545869438255932593,112421163.6426127851,512681.79962793184677,112415781.95681715012,3278.6779012760375736,14.951975520998647795,112558.45227829900978,0.0010012691307127734482,300.09861602674857295,3.2828389720978390365,60,60,5.9000000953674316406,0,0
550,0.0045603673099999996951,0,117595.65384746828931,0.048962349359916598757,0,0.016985659999999999648,233716.71892931684852,0.10242340597778820666,5024972.4232087051496,998.72843358099930811,4.5545685000702951228,112421150.73980671167,512681.74078639684012,112415778.98173628747,3275.6457449662693762,14.93814777448477038,112558.90510562810232,0.0010012731853587481055,300.09854447985088655,3.2798162491692055553,61,61,6,0,0
550,0.0045603673099999996951,0,117603.58808941583266,0.048962349359916598757,0,0.016985659999999999648,204004.46480109170079,0.089439915156617644243,5032682.2146288426593,998.73180098979958075,4.5545838566913072754,112421761.12077598274,512684.52434781572083,112416377.50898236036,3279.2634241489890883,14.954645720367713224,112559.12487974387477,0.001001269809381200894,300.09874912731146424,3.2834274636084019861,62,62,6.0999999046325683594,0,0
550,0.0045603673099999996951,0,117607.03954868760775,0.048962349359916598757,0,0.016985659999999999648,226700.79044462740421,0.099336313734056602698,5036062.9463450834155,998.73327945685332452,4.5545905990441282185,112422001.34932753444,512685.61987824912649,112416612.22878280282,3280.9431677576444599,14.962305968209806295,112559.19327121946844,0.0010012683271592146862,300.09883214793580919,3.2851044770851514087,63,63,6.1999998092651367188,0,0
550,0.0045603673099999996951,0,117596.93374799304001,0.048962349359916598757,0,0.016985659999999999648,221044.83809125050902,0.096931107520504156128,5025983.5873385537416,998.7288591283236201,4.5545704407224016919,112421467.89178358018,512683.18711590440944,112416094.75214235485,3276.0676500406084415,14.940071816593709642,112559.17331782875408,0.0010012727587273145824,300.09862878884632664,3.2802372937334700609,64,64,6.3000001907348632812,0,0
550,0.0045603673099999996951,0,117599.76269799677539,0.048962349359916598757,0,0.016985659999999999648,168729.57308894768357,0.074003727187118784059,5028825.5796165913343,998.73010659985766324,4.5545761296508056049,112421597.95587168634,512683.78025592002086,112416224.47510448098,3276.1736887544439014,14.940555392077879304,112559.16261283206404,0.0010012715080798611448,300.0986822079163403,3.2803393700707239589,65,65,6.4000000953674316406,0,0
550,0.0045603673099999996951,0,117607.30594431742793,0.048962349359916598757,0,0.016985659999999999648,162655.09118296951056,0.071331432179249532055,5036361.578779976815,998.73341283486763587,4.5545912072968643969,112421984.46130257845,512685.5428626522189,112416591.99929685891,3281.9603844507814756,14.966944849964374242,112559.15798411765718,0.0010012681934426696882,300.09882955986159914,3.2861225450894440137,66,66,6.5,0,0
550,0.0045603673099999996951,0,117601.97776162670925,0.048962349359916598757,0,0.016985659999999999648,116506.579833406955,0.051090330398437799886,5031070.2506073173136,998.73109373240140485,4.5545806313377887875,112421681.62435565889,512684.16181493923068,112416299.58033025265,3278.7847492659338968,14.952462787078911077,112559.12656149956456,0.0010012705184364056356,300.09871777449791352,3.2829505057388819189,67,67,6.5999999046325683594,0,0
550,0.0045603673099999996951,0,117597.17841832934937,0.048962349359916598757,0,0.016985659999999999648,166806.660929068923,0.073150804322722251527,5026307.9798677535728,998.72900646474590758,4.5545711126306054339,112421405.18492777646,512682.90114960912615,112416036.67554590106,3274.656025035672883,14.933634288067223039,112559.09856215244508,0.0010012726110156279502,300.09861723332812744,3.2788233883655255596,68,68,6.6999998092651367188,0,0
550,0.0045603673099999996951,0,117598.29512615846761,0.048962349359916598757,0,0.016985659999999999648,596007.53627695515752,0.26140620413207216188,5027432.7201349670067,998.72950072961691603,4.5545733666599659273,112421453.85786741972,512683.12311609194148,112416079.64773020148,3276.3950333121961194,14.941564804563299163,112559.08588422108733,0.0010012721154921877444,300.09863634785369868,3.2805629861925997837,69,69,6.8000001907348632812,0,0
550,0.0045603673099999996951,0,117580.98185868398286,0.048962349359916598757,0,0.016985659999999999648,1577634.6491201817989,0.69217369961461372441,5010194.2546087363735,998.72194169372983197,4.5545388946798111007,112420512.25355133414,512678.82905454991851,112415177.7511061728,3264.2563134663087112,14.886207783392865878,112559.03476042748662,0.0010012796938295986937,300.09828446468628727,3.2684335621288798102,70,70,6.9000000953674316406,0,0
550,0.0045603673099999996951,0,117498.14599290549813,0.048962349359916598757,0,0.016985659999999999648,2504142.7342518940568,1.0994312277107383125,4927655.0484545212239,998.68574093191909924,4.5543738059090523862,112416067.94059711695,512658.56135503808036,112410909.67232137918,3209.8252210612140516,14.637982008941083478,112558.84114999543817,0.0010013159886180557096,300.09661184421804592,3.2140493145180788481,71,71,7,0,0
550,0.0045603673099999996951,0,117270.4496437079506,0.048962349359916598757,0,0.016985659999999999648,2575861.8831012248993,1.1326455122716652113,4700758.1021539270878,998.58618979842833596,4.5539198161742078241,112403893.38350483775,512603.0409028607537,112399207.72263903916,3059.0966740759686218,13.950604470585771466,112558.3438574567117,0.0010014158118908664599,300.09202175256848477,3.0634277795224353902,72,72,7.0999999046325683594,0,0
550,0.0045603673099999996951,0,116906.46110805468925,0.048962349359916598757,0,0.016985659999999999648,2567611.6756299212575,1.1320353758028431912,4338041.3090399103239,998.42693949279600929,4.5531935762862945083,112384518.86200872064,512514.68596838292433,112380541.29721884429,2818.2646574787695499,12.852322014894527413,112557.60121447494021,0.0010015755389252648661,300.08469504802417305,2.8227049431483255404,73,73,7.1999998092651367188,0,0
550,0.0045603673099999996951,0,116441.00500972225564,0.048962349359916598757,0,0.016985659999999999648,2246054.2180262394249,0.98957072143821278587,3874215.6436661113985,998.22310427563695612,4.5522640128253355485,112359885.8421138376,512402.35034970770357,112356729.49822935462,2510.2730491058978259,11.447767152316560058,112556.73107242022525,0.0010017800587030615839,300.07534227794280923,2.514741482494019742,74,74,7.3000001907348632812,0,0
550,0.0045603673099999996951,0,115804.73636630050896,0.048962349359916598757,0,0.016985659999999999648,1251191.2664300873876,0.54627523821545764804,3240169.8963604732417,997.94411090840912948,4.5509917005937232659,112326484.77569000423,512250.02921826933743,112324298.43621082604,2088.9445218518203546,9.5263543098566216827,112555.70047300965234,0.0010020601244790346487,300.06259007066233835,2.0932480075966326538,75,75,7.4000000953674316406,0,0
550,0.0045603673099999996951,0,115149.52269358780177,0.048962349359916598757,0,0.016985659999999999648,1036226.5041469438002,0.44983394652172137285,2587235.6703579467721,997.65637988635364763,4.5496795414466681962,112292420.2857683897,512094.68263199896319,112291047.52851605415,1655.0166348548366386,7.5474837590982035707,112554.83329972540378,0.0010023491255715854999,300.04949802183756447,1.6589044767531733182,76,76,7.5,0,0
550,0.0045603673099999996951,0,114575.16591446701204,0.048962349359916598757,0,0.016985659999999999648,1259970.3023462649435,0.55037317957430786919,2014860.4453418550547,997.40379188733606952,4.5485276473930502661,112262844.49386820197,511959.80615745001705,112262030.36540144682,1274.3742149223942306,5.8116145104390000142,112554.2446083684481,0.00100260296595399063,300.03805691902437047,1.2776913676164807221,77,77,7.5999999046325683594,0,0
550,0.0045603673099999996951,0,114053.7449425853556,0.048962349359916598757,0,0.016985659999999999648,1297199.7176004895009,0.56886381657204765361,1495242.1935524835717,997.17419698201501888,4.5474806102922817885,112236209.33236163855,511838.34003761888016,112235776.81600062549,928.7563243091278764,4.2354699803351048004,112553.8317735119781,0.0010028338108091217323,300.02769507756198664,0.93138824401999531499,78,78,7.6999998092651367188,0,0
550,0.0045603673099999996951,0,113598.60180256002059,0.048962349359916598757,0,0.016985659999999999648,1465457.8186594366562,0.64515555770685750758,1041666.3119788096519,996.97355766746397876,4.5465656213211023129,112213135.87316904962,511733.11658858839655,112212938.77511106431,626.89959654578638037,2.8588924267395929846,112553.57568123104284,0.0010030356294901308055,300.0186717321732317,0.62880263144841186396,79,79,7.8000001907348632812,0,0
550,0.0045603673099999996951,0,113214.22295546672831,0.048962349359916598757,0,0.016985659999999999648,1792516.315474812407,0.79181387897369859274,658610.12811136548407,996.80394905638934233,4.545792143755662984,112193774.4032483995,511644.8211740886909,112193705.00615532696,371.95509519612886606,1.696251856920363954,112553.431507130299,0.0010032062984367548855,300.01106604903759489,0.37314769423639926327,80,80,7.9000000953674316406,0,0
550,0.0045603673099999996951,0,112912.68086543293612,0.048962349359916598757,0,0.016985659999999999648,2159795.7250594994985,0.95616941282787593082,358103.1552373431623,996.67078617063748425,4.5451848720845751117,112178667.25154800713,511575.92701332701836,112178652.43227888644,171.87165326403373911,0.78379786906095416654,112553.36665709500085,0.0010033403345172319746,300.00510934453501477,0.17244576207996531458,81,81,8,0,0
550,0.0045603673099999996951,0,112726.46744804928312,0.048962349359916598757,0,0.016985659999999999648,1987127.3271341994405,0.88069343398456112482,172528.25646641477942,996.58850664036344824,4.5448096472044312577,112169373.59642855823,511533.54453232989181,112169372.42645289004,48.290460740045688226,0.22022223854374275986,112553.34742379403906,0.0010034231714864314238,300.00143511961420018,0.048455767268317649632,82,82,8.1000003814697265625,0,0
550,0.0045603673099999996951,0,112656.11723443279334,0.048962349359916598757,0,0.016985659999999999648,1167670.5939441414084,0.51777434195901150815,102419.1449904715555,996.55741272349700921,4.5446678475224135951,112165869.57363083959,511517.56490130966995,112165869.57230335474,1.6266003319269233263,0.0074178949801546895798,112553.34428326075431,0.0010034544796241038657,300.00004786545918023,0.0016322193896301255469,83,83,8.1999998092651367188,0,0
550,0.0045603673099999996951,0,112647.67273904739704,0.048962349359916598757,0,0.016985659999999999648,391747.47285975882551,0.17374856801870919298,94003.714433869783534,996.55368008626066967,4.5446508253255810672,112165449.10681656003,511515.6474181949161,112165449.09877109528,-4.0044317621048861611,-0.0182616797030288186,112553.34392931262846,0.0010034582381085995016,299.99988134899183478,-0.0040182800406278829444,84,84,8.3000001907348632812,0,0
550,0.0045603673099999996951,0,112652.01760268538783,0.048962349359916598757,0,0.016985659999999999648,85014.646288942836691,0.037708110168750863522,98333.615466885297792,996.55560060851189519,4.5446595836124732415,112165665.44633790851,511516.63400587590877,112165665.44571776688,-1.1117559716809624071,-0.005070015589951146727,112553.34411569983058,0.0010034563042838602707,299.99996702608922305,-0.0011155985386084904705,85,85,8.3999996185302734375,0,0
550,0.0045603673099999996951,0,112653.88744901691098,0.048962349359916598757,0,0.016985659999999999648,31100.184425743005704,0.013794407018394849729,100197.02249298451352,996.55642711447569582,4.5446633527832522859,112165758.55425558984,511517.05861218000064,112165758.55424454808,0.14832140418617700828,0.00067640008302393870524,112553.34419850159611,0.0010034554720554009471,300.00000389842654158,0.00014883392465356017021,86,86,8.5,0,0
550,0.0045603673099999996951,0,112653.9321708916541,0.048962349359916598757,0,0.016985659999999999648,12789.773785660625435,0.0056728414665485615842,100241.58958499055007,996.55644688191796376,4.5446634429300498681,112165760.78191539645,511517.06877112697111,112165760.78190639615,0.13399003545869048182,0.00061104377757155285168,112553.3442012812593,0.001003455452151111359,300.00000478049241792,0.00013445303161494371724,87,87,8.6000003814697265625,0,0
550,0.0045603673099999996951,0,112653.60922744592244,0.048962349359916598757,0,0.016985659999999999648,7054.3274320518830791,0.0031289090466088964604,99919.758822299481835,996.55630413560834313,4.5446627919544457797,112165744.70041826367,511516.99543359316885,112165744.70041787624,-0.027576835677893807991,-0.00012576049993870861104,112553.34418631574954,0.0010034555958856521216,299.99999841208204998,-2.7672130077801640751e-05,88,88,8.6999998092651367188,0,0
550,0.0045603673099999996951,0,112653.75803626938432,0.048962349359916598757,0,0.016985659999999999648,6203.5134354578913189,0.0027515360070538008586,100068.054795740798,996.55636991149663118,4.5446630919166564055,112165752.11071695387,511517.02922727708938,112165752.11071643233,0.032071999224982467025,0.00014626009683195537615,112553.34419334231643,0.0010034555296543929293,300.00000134660496087,3.2182824969380058441e-05,89,89,8.8000001907348632812,0,0
550,0.0045603673099999996951,0,112653.61829530903196,0.048962349359916598757,0,0.016985659999999999648,4848.4366167007246986,0.0021504991836991393939,99928.794793794542784,996.55630814342396206,4.5446628102315571596,112165745.15257786214,511516.99749560700729,112165745.15257638693,-0.054093809472940013183,-0.00024668764039376394216,112553.3441873848933,0.0010034555918500898727,299.99999859104178768,-5.4280735600095019074e-05,90,90,8.8999996185302734375,0,0
550,0.0045603673099999996951,0,112653.7396223541291,0.048962349359916598757,0,0.016985659999999999648,3765.3921885340241715,0.0016701197337170015089,100049.70420824935718,996.55636177218400462,4.5446630547984012694,112165751.19387590885,511517.025046145136,112165751.19387413561,0.059483801749302345208,0.00027126798497203920973,112553.34419260431605,0.0010034555378500540929,300.00000098350977851,5.9689350277712174017e-05,91,91,9,0,0
550,0.0045603673099999996951,0,112653.66616687594797,0.048962349359916598757,0,0.016985659999999999648,2343.1150975915370509,0.00103927519558055792,99976.502233756371425,996.55632930386286716,4.5446629067309309846,112165747.53565090895,511517.00836329546291,112165747.53564944863,-0.05383195105997652663,-0.00024549346984743678412,112553.34418878461292,0.0010034555705431549236,299.99999953488429583,-5.4017971164339947541e-05,92,92,9.1000003814697265625,0,0
550,0.0045603673099999996951,0,112653.69133257695648,0.048962349359916598757,0,0.016985659999999999648,1050.5422738256165758,0.00046596155516454018652,100001.5804457191407,996.55634042712028986,4.5446629574570707177,112165748.78955358267,511517.01408155221725,112165748.78955285251,0.038257949984762264217,0.00017447030445812480989,112553.34419073488971,0.0010034555593428904664,300.00000003132134907,3.839015260127194752e-05,93,93,9.1999998092651367188,0,0
550,0.0045603673099999996951,0,112653.70333509160264,0.048962349359916598757,0,0.016985659999999999648,482.38137637521140277,0.0002139578582500689663,100013.54197966281208,996.55634573262000231,4.5446629816520980327,112165749.38688588142,511517.0168056068942,112165749.38688577712,-0.013980865195400182452,-6.3757880602619747355e-05,112553.34419091671589,0.0010034555540006605528,300.0000002679275326,-1.402917683005884284e-05,94,94,9.3000001907348632812,0,0
550,0.0045603673099999996951,0,112653.66852974514768,0.048962349359916598757,0,0.016985659999999999648,684.78315912670223042,0.00030373248137038899586,99978.85630061221309,996.55633034795346248,4.544662911492367563,112165747.65393695235,511517.00890272320248,112165747.65393684804,-0.014337393664049272526,-6.5383781376131421448e-05,112553.34418955877481,0.0010034555694918361694,299.99999958162572966,-1.4386937524187205732e-05,95,95,9.3999996185302734375,0,0
550,0.0045603673099999996951,0,112653.71210039895959,0.048962349359916598757,0,0.016985659999999999648,1024.2362220590584911,0.00045429481087921885774,100022.27708472553059,996.55634960702957414,4.5446629993208285114,112165749.82337011397,511517.01879613532219,112165749.82336930931,0.040229140888450302949,0.00018345965901707311026,112553.34419132389303,0.0010034555500994283509,300.00000044077864914,4.0368154700247299333e-05,96,96,9.5,0,0
550,0.0045603673099999996951,0,112653.67046545782068,0.048962349359916598757,0,0.016985659999999999648,1178.3437150895479135,0.00052264811256463872269,99980.785603318407084,996.55633120370271172,4.544662915394898306,112165747.75008423626,511517.00934119016165,112165747.75008258224,-0.057448920591701514715,-0.00026198817946118142927,112553.34418938648014,0.0010034555686301625897,299.99999961974026519,-5.7647439279534892385e-05,97,97,9.6000003814697265625,0,0
550,0.0045603673099999996951,0,112653.70428809814621,0.048962349359916598757,0,0.016985659999999999648,1250.8136100138071924,0.00055479175534856040031,100014.49167863340699,996.55634615385258712,4.5446629835730734115,112165749.43436506391,511517.01702212938108,112165749.43436315656,0.06161294526902843377,0.0002809776614776964194,112553.34419098318904,0.0010034555535765117724,300.00000028672553753,6.1825852102412242142e-05,98,98,9.6999998092651367188,0,0
550,0.0045603673099999996951,0,112653.67969676096982,0.048962349359916598757,0,0.016985659999999999648,1299.4336368023068644,0.0005763573572039604187,99989.98516440964886,996.55633528412374744,4.5446629340031172717,112165748.20971120894,511517.01143725798465,112165748.20970988274,-0.05145228879463081828,-0.00023464133584371368434,112553.34418975000153,0.0010034555645214923714,299.99999980176647796,-5.1630085498339120065e-05,99,99,9.8000001907348632812,0,0
550,0.0045603673099999996951,0,112653.69673767314816,0.048962349359916598757,0,0.016985659999999999648,1331.9494180591427721,0.00059078012691315962002,100006.96765897666046,996.55634281663913043,4.5446629683541539535,112165749.05801132321,511517.01530581811676,112165749.05801089108,0.029179987316849398393,0.0001330714602659745986,112553.34419024293311,0.0010034555569368290052,300.00000013774632635,2.9280820424438716966e-05,100,100,9.8999996185302734375,0,0
550,0.0045603673099999996951,0,112653.68381246714853,0.048962349359916598757,0,0.016985659999999999648,1342.2798157390207052,0.00059536234402912668884,99994.086430025854497,996.5563371032011446,4.5446629422987783187,112165748.41490441561,511517.01237301441142,112165748.41490441561,0,0,112553.34419020285713,0.0010034555626898212718,299.99999988298532116,0,101,101,10,0,0
